[笑哈哈],433
马碧,356
[霹雳],311
刘福堂,203
[江南style],174
雷政富,128
衣俊卿,118
朱承志,100
[走你],100
薄王,89
熙来,78
[草泥马],77
[lt切克闹],77
徐明,69
张德江,69
[moc转发],68
李小鹏,59
刘大群,58
不适宜对外公开,55
邢志敏,53
习李,52
15810050900,49
李学明,49
丁志健,49
谷开来,48
张宗颖,48
常艳,47
李金柱,47
杨达才,46
周克华,45
夏业良,43
任建宇,41
西哈努克,40
裸退,40
caichangongshi@gmail.com,38
[din推撞],36
[最右],35
刘园园,35
[吓到了],35
[赞啊],31
刘雪梅,31
吴英,30
王安顺,30
王登朝,29
徐怀谦,29
[雷锋],29
CGC,28
▊,28
傅政华,27
宋建国,27
张明渝,27
周燕,26
七常委,26
关永健,26
舒向新,26
[起亚律动],25
忽觉京,24
[泪流满面],24
民郭洪伟,24
吕乃朴,24
张宗燧,24
张佑慈,24
张宗炳,23
[好囧],22
刘霞,22
程虹,22
徐艳,21
莺歌海,21
[群体围观],21
翟小兵,20
薄熙,20
[伦敦奥火],20
王树杰,20
李源潮,20
郭洪伟,20
吴红,20
封闭车窗,20
彭国甫,19
胡娟,18
奇葆,18
求万言,18
史家会,18
毛腊肉,18
[平安果],18
外访,18
致敬十大反对者,18
宋泽,18
[bed凌乱],17
马东敏,17
[lb味],17
[ppb鼓掌],17
万秋云,17
税正宽,16
[发礼物],16
李省长,15
热比娅,15
43万亿,15
[好激动],15
晓波,15
121------1,14
左正,14
7·21,14
七长老,14
防火长城,14
[圆蛋快乐],14
[真V5],14
文白石,14
G801,14
鲍学全,14
[xb压力],14
少奇喜,13
薛明,13
保卫斯巴达,13
王力雄,13
李副省长,13
安修,13
邹恒甫,13
张研农,13
袁占亭,13
等额选举,13
刘为民,13
江系,13
雷冠希,13
WLJ,13
占海特,13
陈克贵,13
夏泽良,12
[没人疼],12
caichangongshi@ukn,12
李成金,12
mabi,12
交际舞,12
孟煌,12
黑律,12
墨镜哥,12
杨达,12
lys.,12
田京波,12
[带感],12
[lxhx滚过],11
马朝晖,11
王子纸业,11
〡,11
美的惊动了党,11
[放鞭炮],11
[lt转发],11
孙鉴,11
陈晓丹,11
方校长,11
应亮,11
翟小,11
赵乐际,11
陈光,11
姜伟华,11
公共积累,11
王子造纸,10
傅连,10
[路过这儿],10
马晓军,10
民企本,10
政治中心区,10
王护士长,10
别戴表,10
暲,10
李士祥,10
俞扬,10
韩村河,10
五百六十亿,10
久敬,9
法西斯蒂,9
杨崇,9
张伟杰,9
龚刚,9
温云松,9
扭腰时报,9
三表哥,9
Broadband.wmv,9
马权,9
梅章华,9
丁关根,9
引咎,9
主习,9
雹灾,9
敬致中,9
戈尔斯坦,9
BXL,9
何志华,9
M88766,9
冯建梅,9
兴隆台区,9
邱淮,9
[右边亮了],8
建宇,8
荣剑,8
QQ877388869,8
吴天君,8
任华政,8
奉孝同,8
陆炎,8
签名簿,8
豪绅,8
[lt最右],8
关海祥,8
梅宁华,8
连承敏,8
B0,8
17.77,8
省萱,8
莫津津,8
孔杰荣,8
政才,8
斯巴大,8
3-6万,8
肖建华,8
曹无语,8
10·,8
谢亚梅,7
[国旗[国旗],7
谭文瑞,7
张连,7
刘虎,7
谷丽萍,7
[巨汗],7
直体,7
曼知,7
孟学农,7
薛飞,7
启东人,7
lehuan2969@163.com,7
西南王,7
[瞧瞧],7
舒拉,7
刘占坤,7
shibada,7
张晓军,7
[草泥馬],7
P民报,7
踺子,7
[moc晕],7
李庄事件,7
克贵,7
陆超祺,7
N4A,7
21：59,7
白涛,7
刘力群,7
林培瑞,7
侯某,7
钱李仁,7
fanmei16144@163.com,7
Huaer,7
记坤,7
[得意地笑],7
吴昌龙,7
文工团员,7
秦城,7
游锡,7
捡国旗,7
中顾委,6
[非常汗],6
神洲,6
伯利克里,6
鉴鉴表,6
胡春,6
1949—1957,6
占全喜,6
www.changweibo.,6
吕加平,6
溴化银,6
[被电],6
王鹏飞,6
故伎,6
刘贤斌,6
佟丽华,6
[噢耶],6
丁原,6
陆定方,6
方大国,6
恣意妄为,6
闻正声,6
9TH51X5C35L,6
AG6,6
[震惊],6
[飞个吻],6
许志功,6
军衔制,6
章沁生,6
大连实德集团,6
王培荣,6
230-810万,6
百夫长,6
8.weibo.com,6
厄立特里亚,6
薄谷开来,6
29.5亿,6
沾亲带故,6
刘家远,6
李旺阳,6
三步并作两步,6
白静,6
由邦,6
蒋庆,6
董锋,6
甄文,6
市长刘奇,6
贺氏,6
廿柒,6
陈弘毅,6
德子,6
双庆,6
马碧太,6
博西莱,6
陆扶民,6
匪军,5
哈根斯,5
王渝,5
陈寿富,5
[偷乐],5
李月祥,5
秦政,5
官倒,5
拉希里,5
风雨如磐,5
[不好意思],5
念及,5
哈某,5
张剑仁,5
楚济学,5
马花涅,5
段妙文,5
李步云,5
达才,5
7-21,5
奎元,5
guagua,5
俊臣,5
监测器,5
治警,5
权斗,5
厉有为,5
谢苏明,5
蜕化变质,5
P65166,5
富敏荣,5
戴百达,5
[传火炬],5
艾尔顿,5
吴法,5
贰拾柒,5
古猿,5
054985,5
CY689,5
郭维国,5
yiwu,5
望云,5
1313113,5
翻供,5
铁锨,5
刘沧,5
婊叔,5
[膜拜了],5
陈光福,5
鲍洪俊,5
王瑞珠,5
薄氏,5
塔斯社,5
李洁娥,5
童之伟,5
全斗焕,5
曹海波,5
[j疯了],5
[霹雳[霹雳],5
邓吉元,5
qidong,5
李录,5
赵红霞,5
德怀,5
如星,5
[g头晕],5
李家洋,5
至斯,5
郑媛媛,5
许纪光,5
徐文海,5
方洪,5
Merriam,5
唐建华,5
何表,5
门徒会,5
薄安,5
梭镖,5
狗毛粉,5
SBD,5
[要礼物],5
张晓兰,5
www.x1976.usa.cc,5
出版法,5
汭,5
周公瑾,5
39-31-41-41-04,5
李含冰,5
通信员,5
允生,4
小习,4
汪昱,4
黄挖挖,4
徐光勇,4
樊奇杭,4
法轮功,4
德满江,4
窃密,4
动态网,4
奸徒,4
[c面瘫],4
徐景颜,4
王民生,4
北京公安局长,4
主力舰,4
KONY,4
898亿,4
息县,4
政总,4
wow//@uYC33UMSW,4
18744,4
左滩,4
勠,4
毛语体,4
张志军,4
张丽莉,4
二七亿,4
000001,4
邹新盛,4
彭清华,4
林哲,4
会毕,4
一虎八奶,4
习敬平,4
戴荆冠,4
曹小东,4
aa0c55a2cf6333f8e8a1,4
weixiaoshuo2012,4
普定县,4
泸州交警,4
东敏,4
Units,4
贵全,4
Lijun,4
子珍,4
[c坏笑],4
卢泰愚,4
鲁超,4
吕祥浩,4
可太,4
13699206624,4
世铭,4
姜维平,4
郭炳湘,4
万绪,4
黄敬,4
陶明法,4
同辉,4
一万零五百,4
伩,4
韩耀,4
马治,4
李禾禾,4
孙女婿,4
田朴,4
周强君,4
pengbo,4
途之泰,4
美帝,4
家辉,4
刘福通,4
李正源,4
郭时也,4
成都美领馆,4
俞大维,4
邱谷丽,4
毛隆基,4
赵铁锤,4
赵克罗,4
振杰,4
58-61,4
希同,4
邓榕,4
薄老,4
szzuiweng,4
王江穗,4
杨雄,4
德江县,4
习书记,4
若成,4
53200,4
程金瑞,4
陈川平,4
王以廷,4
单增德,4
陈忠林,4
萧规曹随,4
尼尔·伍德,4
3520万,4
杜连生,4
朱立岩,4
君合,4
谷俊山,4
薄谷,4
LKQ,4
下狱,4
樊宇,4
Guagua,4
2012-12-26,4
censorship.,4
64.89,4
王振忠,4
徐昕,4
秦新君,4
6·30,4
阎师,4
史丹丹,4
沈良庆,4
许博士,4
刘兴强,4
两江论坛,4
司东亮,4
淮滨,4
王汉斌,4
皇太,4
任长林,4
屎吧嗒,4
香菱,4
剔肉埋骨,4
王迟,4
孙海东,4
齐发力,4
李大鹏,4
刘世杰,4
范福春,4
胡星斗,4
四新,4
binxing,4
勃涅日列夫,4
[放假啦],4
[赞[话筒],4
吴发芳,4
nyt,4
林治波,4
95万亿,4
姜玉堆,4
邱艳,4
连环失踪案,4
鲁班奖,4
军职,4
王警权,4
陆五十,4
蒋大彬,3
大安镇,3
京沈高铁,3
殶,3
陈平福,3
傅高,3
孔冬梅,3
抵制PX,3
4-7万,3
阿马蒂亚森,3
鸡冠子,3
mao.,3
李素芳,3
伊利都,3
[cai开心],3
习李二人,3
李裕宏,3
99.5%,3
地厅级,3
2012-12-19,3
周久耕,3
丁亥年,3
守维,3
顾家齐,3
王建生,3
2002.05—2005.12,3
奇材,3
cursing,3
二万七千,3
80％..,3
北日,3
奴化,3
8674,3
MLGB//@ukn,3
学民思潮,3
招之,3
方斌,3
225：20,3
以邻为壑,3
国籍法,3
3x9,3
302-21,3
艳照频,3
蔡名照,3
段伟红,3
八荣,3
武大伟,3
临西县,3
喜哥,3
沈荃,3
赵楚都,3
蒋敏,3
ZNH,3
moyan,3
江泽,3
黎圣,3
一九八九年,3
15958,3
张志勤,3
仁孝,3
农业社,3
租与,3
ps:50万,3
镇坪县,3
李元芳,3
周红敏,3
魏安,3
钱官,3
83.5％,3
[j哎呀],3
十三点一,3
秦永敏,3
1663701473,3
姜明安,3
围聚,3
孙国相,3
430103197007082069,3
王静梅,3
帅领,3
宋平,3
于俊世,3
西宾,3
厚东,3
宇田川,3
胡温新政,3
徐寨,3
5658亿,3
泰鸿,3
孙表,3
张维庆,3
山姆哥,3
12388,3
尤权,3
children...,3
义云高,3
史知兴,3
韩德云,3
临河区,3
ran360,3
斯巴达约,3
村新庄,3
范景刚,3
EarthAngel,3
夏商,3
力帮红,3
刘喜珍,3
3SB,3
夏德仁,3
738.05亿,3
CA4113,3
吴政隆,3
杂花生树,3
梁道行,3
周泽微,3
敬庄,3
sickle,3
宋克荒,3
=2800,3
一歪歪,3
愤激,3
金晓光,3
embolism,3
88.8％,3
25001,3
易帜,3
明泽,3
公检法司,3
Immortals,3
马正其,3
贾政,3
敏健,3
杜青林,3
80-20,3
魏忠平,3
陆非,3
郭建南,3
俞强声,3
6821,3
薄粉,3
查邓,3
谷景生,3
[有鸭梨],3
尉健行,3
行五,3
在启东,3
黑账,3
[内幕],3
p民报,3
NDNB,3
邓蓉,3
岳村,3
卷逃,3
87.2％,3
公盟,3
[采访],3
吕日周,3
千升,3
王永利,3
Zhan,3
温云超,3
母刘益清,3
陈开枝,3
李向南,3
项茂奇,3
C.M.,3
linyi,3
混养,3
查白氏,3
李勇浩,3
zca0pAQec,3
六点七,3
红星村,3
范辉,3
依愚,3
吉炳轩,3
27万万,3
关宗社,3
官制,3
王卫东,3
陈力丹,3
祖康,3
[#快讯#],3
常玮,3
谅必,3
陈光金,3
潘安君,3
艾晓明,3
1949:,3
耀斌,3
安琪姐,3
亦忱,3
郓,3
王军生,3
76.77%,3
毛富城,3
武宣县,3
中直机关,3
2012-11-09,3
总务处,3
德维莱尔,3
17+1,3
[求关注],3
流霞戎,3
军科院,3
毛粉之,3
中国卫通,3
阿多尼斯,3
张永明,3
4081,3
农奴主,3
一張綠,3
埃尔顿·约翰,3
那维稳,3
启人,3
595亿,3
熊召政,3
徐坤,3
26845,3
三六九等,3
鉬,3
葛慧君,3
燕小云,3
牛跃敏,3
16000亿,3
巧取强,3
caichangongshi@gmail.com.,3
zhuanfaweibo,3
齐月英,3
五一二,3
2471,3
留党察看,3
20:41,3
鸿庥,3
徐松南,3
吕廷祥,3
陈小同,3
杜红任,3
Nobility,3
youxing,3
熊召,3
通山县,3
86.0％,3
shifang,3
2-7万万,3
[吃货],3
Canyu,3
养红贻,3
pr@ukn,3
李金星,3
右三,3
阿玛蒂亚·森,3
干管,3
贰拾柒亿,3
青川县,3
TOP38,3
李金成,3
2012-11-15,3
许其亮,3
施芝鸿,3
关杰,3
郭永华,3
叶仕,3
1496877880,3
武二,3
阎婆惜,3
密报,3
2002.01—2002.05,3
李洪海,3
隀,3
15.57%,3
陷坑,3
刘本琦,3
学申,3
400015,3
KQ,3
曾家镇,3
石建邦,2
[lt中枪],2
吴乾春,2
[大南瓜],2
麻生希,2
刘培柱,2
廷祯,2
张高,2
靳老,2
8+++9+++6+++4,2
王春,2
于蒙军,2
达内,2
九死不悔,2
[c甩舌头],2
皮莱,2
墨钜,2
通儒院,2
DALAILAMA,2
几十几百,2
沈志耕,2
李芳胜,2
孙少平,2
王新民,2
yanlu,2
李江琳,2
挼,2
鉴表,2
pain...@,2
九总统,2
伯子,2
新华门,2
LYS,2
立官威,2
萨密尔逊,2
徐才厚,2
=2800万,2
人斗,2
周智琛,2
2639,2
薄派,2
SBda,2
红贵,2
关利,2
×××万,2
vincerò,2
何生习,2
孙弘武,2
房亚明,2
邝佩诗,2
朱叔,2
侄孙女,2
草寇,2
回良玉,2
义廉,2
郝劲松,2
Bgg,2
习boss,2
焦玉禄,2
保国,2
薊,2
汪少勇,2
吕福克,2
闫芳,2
习夫人,2
历史的伤口,2
2-7亿,2
何生毛,2
底情,2
08388202369,2
煤田,2
印书,2
张九年,2
吴南生,2
左斯汀,2
改旗,2
罗伯斯比尔,2
郭金,2
薄公真,2
肖巍,2
忠信礼,2
13：12,2
2012-12-15,2
2012-12-14,2
2012-12-11,2
臧民,2
MB//@uQHCXFTQQ,2
侈谈,2
999:,2
袁伟,2
汽艇,2
刘洪伟,2
忠仆,2
古张闻天,2
尉曹孟,2
森茂,2
祝小天,2
吕嘉,2
玛曲县,2
97.74.215.104,2
治港,2
吴评,2
若邓,2
HW26,2
常艳实,2
[gst下班啦],2
洁平,2
贺富昌,2
乃公,2
特龙苏,2
王琳芳,2
cage.,2
郭春平,2
楚囚,2
胡淑芬,2
ZHONGONG,2
90000亿..,2
郑汉荣,2
李灏,2
周成海,2
徐齐宣,2
贵品,2
蠢笨,2
谢鹏飞,2
皇圣明,2
宫火熏,2
淑姬,2
吴庭艳,2
108亿：http://t.cn/zlt3bEy,2
B//@uATZSKGLB,2
米庵,2
杜国旺,2
吴良镛,2
李科生,2
5O万,2
赵石,2
建宁县,2
颜五毛,2
E.J,2
汉德,2
[c惊讶],2
丹红,2
刘伟全,2
格儿,2
云松,2
李二,2
CC@uPKFYSYV1,2
施怀基,2
刘大浪,2
狄沙,2
周口店,2
Tibetans,2
1846-2046,2
尹曙生,2
zuiMZD,2
中国石油天然气集团,2
胡启立,2
宋爱国,2
Haianw.com,2
李英敏,2
周濂,2
云开,2
zlOQH9R,2
婴儿汤,2
惨杀,2
卜睿哲,2
芮阳,2
任内强,2
WJP,2
要建文,2
370121196701207556,2
汉林,2
UNForce://@ukn,2
健滔,2
温其久,2
刘大均,2
陈恩松,2
合治,2
2：00——9：30,2
116.4亿,2
Brainwash,2
Defending,2
克里斯玛,2
天元区,2
米洛舍维奇,2
第226,2
李玉柱,2
搆,2
罗章,2
二百零五,2
沈容,2
李洁明,2
0：20,2
76.4%,2
陶景洲,2
黑田寿,2
颖州,2
别赖,2
nod//@uII5TTPJA,2
必真,2
张广昭,2
360sou.com,2
陈二,2
蒋孝章,2
储百亮,2
蒋大斌,2
ＴＭＤ//@u1CRMLVUI,2
[cai晃头],2
邵燕芳,2
BGKL,2
王臻,2
刘前,2
王若望,2
习某,2
老栗,2
经社文,2
方木,2
和治民,2
柯秀尔,2
三十五日,2
成武,2
赵明华,2
Vheilongjiang,2
t.cn/zjOYW1l,2
叶隐,2
史评,2
好钢,2
26万亿,2
银柱,2
荫禄,2
许志勇,2
传信,2
ZIFEN,2
骑缝,2
360IT,2
2075年,2
谷凤杰,2
360so.com,2
2012-12-06,2
商水县,2
一朝臣,2
杨晗,2
foer,2
乌苏市,2
13700582888,2
夏瑜,2
谷俊,2
继范,2
马魏华,2
YGH,2
问俞正声,2
hxwq66@gmail.com,2
HW31,2
源朝,2
91.6％,2
hjt,2
2：9,2
2+7亿,2
三资,2
四桥,2
9亿8千万,2
周学军,2
四川威远,2
LIU1,2
天朝义,2
平强,2
陈育仙,2
袭民,2
豪吐,2
Ｗ,2
[筒],2
sbd,2
念诗,2
9+X,2
纪宝,2
肖淑丽,2
武装部长,2
李汪,2
容佑文,2
张广友,2
抵制奥运,2
吴文康,2
箎,2
丹珍,2
LRA,2
北社,2
电令,2
智晟,2
刘纪,2
宝娘,2
民张耀东,2
刘东伟,2
wj01X0071,2
20120428,2
gif.,2
3750亿,2
杨北辰,2
杨荣,2
蓬友,2
宋昆冈,2
张昆生,2
李建保,2
[每日经济],2
惟财,2
李伟力,2
两百六,2
1966-1976,2
儒宪,2
朱桂琴,2
MacFarquhar,2
蒯大富,2
夏坤,2
李洪梅,2
审计部,2
[好喜欢],2
4￥￥5,2
振霞,2
２７亿,2
1万9千,2
毛心,2
衣向东,2
naturade_cn,2
良弼,2
儒法,2
张欢,2
民沈志华,2
／......,2
60--80亿,2
徐光平,2
吾道,2
周克,2
吴瑞中,2
红匪,2
t.cn/zl0Pwpd,2
米歇尔·德维莱尔,2
021-64902958,2
放人,2
MB//@uK3RUODVY,2
黄之锋,2
[立志青年],2
博内,2
赵金,2
黄淮海,2
ALERT,2
莫言得,2
耀洁,2
仁宣,2
路宪文,2
蒋家人,2
马雅,2
永发,2
杨渝,2
楚平,2
冯锦华,2
叶选平,2
朴方,2
鬼也,2
愚夫,2
邓三,2
吴志和,2
15169003001,2
波氏,2
成客,2
母国,2
邓质方,2
陈法庆,2
CC@uJWAIWO4Q,2
阎建宏,2
chenyun,2
雷玉生,2
FIU,2
容于天朝,2
[ali扑倒],2
flg,2
邦联,2
1355年,2
邮车,2
徐祥,2
郜韶飞,2
2012.11.10,2
=7000万,2
18498,2
王兆,2
刘秀芹,2
石习仲勋,2
栾少湖,2
18093008659,2
习进平,2
后庭,2
www.blackpaper.com.hk,2
两千两,2
包养一,2
吴志华,2
张小涛,2
1351年,2
四言,2
王刘备,2
蔡建明,2
彭丹其,2
乡宁县,2
12·4,2
吴进,2
希拉莉,2
冯传忠,2
彭清,2
H２,2
徐恩曾,2
吴莎至温,2
民立道,2
2012-07-01,2
那章,2
艾白劳,2
继克强,2
[霹靂],2
何来之,2
李成瑞,2
邓小,2
吴礼明,2
盛洪,2
顾雏,2
农工委,2
13439873378,2
002439,2
几亿几亿,2
牛小顺,2
张万年,2
蔡亚斌,2
丁海洋,2
艾滋针,2
21:08,2
温政,2
供状,2
0531--67868018,2
吴立红,2
１６时,2
政声,2
牟平区,2
全豹,2
阎晶晶,2
刘小波,2
何桂琴,2
F.Vogel,2
北林区,2
打药,2
[甩甩手],2
孟宪达,2
杨金海,2
121------,2
鬼李长吉,2
王凯军,2
B_O,2
帕诺斯,2
=1400万,2
叭嗒,2
payers,2
张立昆,2
人大委员长,2
张建仁,2
周康康,2
[moc轉發],2
杨怀才,2
正言道,2
腐恶,2
野风,2
宋阳标,2
[c无语],2
常宽,2
游坦,2
东突,2
t.cn/zOwPYDD,2
刘卫兵,2
肖隆汉,2
王兴强,2
范承秀,2
师姑,2
吉田茂,2
于梅,2
狗碧,2
本哥,2
李连玉,2
俞珊,2
江山平,2
2700000000,2
俞大,2
仲勋,2
[c無語],2
378=10,2
崔武年,2
Wangsiwei,2
涞水县,2
刘金宝,2
明仁宗,2
戴秉,2
阯,2
胡锐军,2
方城县,2
方晓松,2
汉相宁,2
M2/GDP,2
坟山,2
寻章摘句,2
when...,2
朱棣立,2
杨士奇,2
源潮,2
曾庆宏,2
周公束,2
11483,2
politburo,2
雄图,2
尖扎县,2
朱日坤,2
张帼英,2
石庐,2
刘康侠,2
H+W,2
Corruption,2
=4200万,2
17557亿,2
lxb,2
chiputaobutuputaopi.//@uR1WK5RYS,2
王冶坪,2
robots,2
彭丽,2
韩战中,2
袁群,2
郎玫,2
蜀先,2
信必果,2
2012-12-25,2
28-1=,2
马海龙,2
闫凤,2
无闻,2
孙昌军,2
戴豪表,2
胡继伟,2
荣丽,2
+wei+,2
乾平,2
达莎比,2
麻忠庭,2
二百七十万,2
翁杰明,2
豪表,2
shiwu,2
HUO,2
余德耀,2
GWF,2
一二十亿,2
鉴鉴,2
东亮,2
樊纪亨,2
t.cn/hr8pen,2
蜂起,2
2924,2
李列维,2
法内,2
海锋,2
温体仁,2
引黄,2
何忍,2
申世保,2
tks@uW0EZCIVK,2
桂松,2
云阳县,2
朱瑞峰,2
Vshandong,2
Beech,2
皇太孙,2
BIFF,2
政革,2
￥69.90,2
baby//@uBIDXGBDK,2
查王立军,2
LOUDER,2
金圆券,2
砧子,2
antonamy,2
ZFY,2
马钰,2
么长,2
王晓玲,2
何来国,2
鱼水情深,2
志永,2
蒋兆勇,2
Roderick,2
[草尼马],2
令家,2
北飞,2
[c震惊哭],2
金复新,2
张建中,2
三面红旗,2
62.250%,2
袁伟静,2
周祖杰,2
周家真,2
王立君,2
朵吉,2
奥黑得,2
[lxhx逗转圈],2
诬害,2
吴应熊,2
癸巳年,2
切莫信,2
翁永曦,2
孙永春,2
于幼军,2
布尔加科夫,2
牛有成,2
韩寒时,2
谭处端,2
高梓航,2
穷棒子,2
子晨,2
程仪,2
解严,2
彭放,2
+w,2
陈云亮,2
Egmont,2
比学,2
侯建,2
一朝权,2
胡公耀邦,2
荣国府,2
问元芳,2
3983,2
袭警,2
01.rar,2
13256782886,2
罗晖,2
好冷,2
胡仍敏,2
谌洪果,2
吴建常,2
新化县,2
马锐拉,2
Ziyang,2
张丽君,2
庆表,2
陆伟民,2
7CCTV,2
查任志强,2
naive.,2
[c搖擺],2
王军涛,2
5.82,2
廿柒亿,2
劣等生,2
谈任建宇,2
拉克马,2
3GSB,2
桐柏县,2
䏣,2
女卓,2
周禄宝,2
刘继兴,2
胡勇,2
成上万,2
曹荣湘,2
管仲之,2
JSCC,2
陆天明,2
罗沙路,2
2——5,2
IPENG2,2
老普,2
李焕君,2
hujia,2
曾原,2
老薄,2
詹顺初,2
A2T678,2
张启华,2
孙成,2
刘国连,2
wei+,2
=5600万,2
良羽,2
何秀,2
立韩林儿,2
胡益华,2
4662,2
考斯达,2
余习广,2
孙笑冬,2
[cc无语],2
尉微,2
范长龙,2
延东,2
MB//@u3JLNRL1Q,2
刘卫平,2
郑春平,2
holdings,2
王雪梅,2
unfree,2
一黨執,2
旺阳,2
夫有子,2
官廉,2
季天琴,2
负+,2
林静怡,2
Dehumanization,2
连造,2
Xilai,2
陈高华,2
韩爱晶,2
斯巴达思密达,2
张万舒,2
必兴,2
召来,2
智术,2
姚志宏,2
所多玛,2
总后勤部,2
01:49:19,2
MLGPD,2
帝至正,2
胡琏,2
张明渝实,2
徐义顺,2
Adg,2
600535,2
书燕,2
周洪敏,2
谭宗泽,2
危金峰,2
范敬宜,2
大太,2
[bofu啃西瓜],2
且观之,2
任小彬,2
小会,2
2012-11-16,2
韩连茹,2
俞亚声,2
大勒沃,2
朝大,2
ps.sa,2
李望知,2
[Jiao,2
郭道晖,2
大宁县,2
怀仁,2
警枪,2
慕评,2
优璇,2
邱晓华,2
曾颖,2
公域,2
out.//@uOQZ5GW32,2
韩振江,2
吴恒,2
[din转转],2
崔成浩,2
矿务,2
马晓力,2
吴秋,2
党军,2
方诸文山,2
新闻片,2
博狗,2
托尼赛奇,2
QQ1061680552,2
衣某,2
t.cn/zjyX2hE,2
[给劲],2
葛洲,2
元方,2
3千3百万,2
[好激動],2
常燕,2
仁权,2
3:7-8,2
Reformist.,2
Kony,2
民可富,2
两亿三亿,2
杨继学,2
毛向辉,2
梁任,2
[设计对白],2
晓林,2
葆葆,2
俗字,2
汪建伟,2
海大富,2
冉云,2
10+8,2
六扇门,2
肖明辉,2
犬马之劳,2
刘学胜,2
爱德华·亨特,2
[想一想],2
副文,2
应勇,2
王礼江,2
何万平,2
影帝强,2
yiyi//@uFAYA4RY,2
国耀邦,2
趆,2
0b51562952e9b416e72f,1
盘弄,1
zOBb7Iw,1
林昭之,1
武锡生,1
八十亿,1
168087,1
唐旺阳,1
28.61亿,1
高德健,1
麦克法夸尔,1
孟才,1
镐头,1
SPAN,1
005.,1
夸胡,1
进见,1
深非,1
帅傅,1
阎明复,1
以胜,1
시진핑,1
胥黎明,1
且必,1
40.004万,1
Brookings,1
CQC,1
必联,1
Poilce,1
李振举,1
李峥然,1
负213%,1
2012-09-20,1
fuckingway,1
13011063598,1
幺宁,1
胡日,1
王石一,1
邱处,1
李家俊,1
05-10-2012,1
19:03:53,1
996295,1
嵬,1
zrj,1
马美,1
卢基扬诺夫,1
李宝壮,1
吴恒权,1
传花,1
无岳,1
site:tieba.baidu.com,1
8-23,1
FreeLXB,1
yrlwww@ukn,1
晏铭园,1
0200000,1
一机部,1
薄以,1
博古王,1
Virt,1
黑山共和国,1
57.47%,1
毛选里,1
何培蓉,1
cqzs88@126.com,1
萧灼基,1
戴旭之,1
Zyk,1
B_B_C,1
方梓勋,1
杨继军,1
jieyan,1
傅冬菊,1
贡觉,1
杨德志,1
tankman,1
张耀坤,1
[Prime,1
19e,1
ZHIYANG,1
辰溪县,1
笑倒,1
haha//@uBKZ0FFUJ,1
光霞,1
孙正才,1
MLGBD//@ukn,1
刘本,1
404.,1
之矛,1
Dalai,1
2B//@,1
文圣武,1
youshege,1
袁鹏会,1
陈佐洱,1
黑保安,1
王力军,1
1974.43,1
zjiMvq5,1
7999.999万,1
MLGBD//@uVT4ZL2AC,1
贺南洪,1
闻实贞,1
10：378,1
Helle,1
532062568,1
龚文忠,1
邓六金,1
BOAxed,1
冉耀宇,1
[ppbbibi],1
李禄,1
高洪柱,1
天乃先,1
国家地震局,1
邢志斌,1
无题诗,1
耶雷米奇,1
09:57:10,1
陶律,1
ae1b5a566faa85af2662,1
求鉴表,1
朱顺忠,1
AG8,1
马莫言,1
lover//@ukn,1
孙爱萍,1
单某,1
吴汉华,1
大表,1
沈同衡,1
吴子流,1
张阿生,1
National_Banner_Song_of_the_Republic_of_China,1
via@uKPKZTWNR,1
Aziz,1
温尔巴乔夫,1
周克强,1
censoring,1
郭宏侠,1
谢静宜,1
高华娟,1
理曲,1
14:11:55,1
刁小三,1
小诸葛,1
癔病,1
梁国雄,1
香港厅,1
王郁昭,1
义勇,1
nextmedia.,1
武会珍,1
黄帅,1
婊局,1
让斯巴达,1
[lb呵],1
张勇进,1
初澜,1
茶叙,1
影博,1
郑国渠,1
METCN,1
孙兵,1
马援,1
youkuyuanxian,1
劝戒,1
九一五,1
初祖,1
王立铭,1
马格勒,1
老儿,1
6352,1
圣良,1
贾丽青,1
[帶感],1
erodes,1
狄志,1
赵冀龙,1
周凯,1
小楚,1
相必张,1
A·Walker,1
彭豪丽,1
王曾表,1
heller,1
⽽⾔,1
srt=4,1
家河村,1
[Elton,1
习大人,1
罗伯特·蒂尼洛,1
TZD,1
正治菊,1
00:59,1
恒甫,1
七常伟,1
肇星,1
丁志,1
零捌,1
林丰,1
youtube.com,1
飞兵,1
晏乐斌,1
孔孟乡,1
托斯巴达,1
守成,1
Jzm,1
步尘,1
570203,1
从普惠,1
胡规,1
公弃意,1
LYH,1
哥德马赫,1
叶伟航,1
经适公,1
Via@uPKFOE2CC,1
xineuro,1
花公,1
2012-----,1
fedffd3f9d918deba264,1
鲍一学,1
Wangning,1
MD//@uI43PD0OM,1
speechless.,1
求恕,1
姗姗挺,1
卞仲耘,1
to@uMLLBRATV,1
二七四,1
13万6,1
汤龙文,1
革博,1
当代八乱,1
Xiaobo,1
Qidong,1
龙方,1
nonggevip,1
一陣這,1
王向,1
温乃贤,1
王乐泉,1
玄策,1
69.76,1
树威,1
一二万,1
七子登科,1
武和平,1
廉吏,1
www=,1
霞夫,1
I8D,1
汤汤真,1
王工,1
Television],1
田尼,1
[lxhx咻],1
630亿,1
一個歸,1
2012.5.31,1
生为东,1
才让吉,1
刘旺,1
谈某,1
方励,1
蒋景晨,1
by@uNEGPS1PF,1
一石三,1
冀晋,1
博仕,1
generations.,1
406546,1
mzd,1
让微,1
18078.html,1
三四五六七八,1
吐尔班,1
AS6539,1
[无评不论],1
卢之超,1
1353.7万,1
至睿,1
祸从天降,1
冰漪,1
习亮,1
胡雨,1
鲁向阳,1
法士,1
赵青林,1
13862231862,1
人莞尔,1
比兹堡,1
苗黑根红,1
集政,1
黄行,1
王锦松,1
全唐诗,1
蓝小清,1
aide,1
Fasces,1
aid.,1
纽拜伦,1
解和,1
仉,1
40——,1
崔志刚,1
龙南县,1
习汪,1
陆志奎,1
赛罗赛罗赛罗赛罗赛罗赛罗,1
时力,1
聚博特斯巴赫,1
BoilingSoulCrew,1
公明镇,1
浦香,1
乐育中,1
吴颖颖,1
boxun.com,1
徐香玉,1
占海,1
秦文君,1
粟世征,1
zenmeban,1
方云秋,1
全其炎,1
mb//@uWYNOU2HI,1
xi主席,1
强烈关注,1
17:09:48,1
09738732104,1
BusinessWeek,1
乔氏,1
13:09:19,1
冷子兴,1
B//@uTZ50QG3L,1
22:55:03,1
2012-12-8,1
保抗,1
DINK,1
官正,1
吴顺弟,1
爱博,1
新盛,1
Wg,1
Ww,1
温平安,1
declares,1
Guilfoyle,1
FINRA,1
PAULANER,1
Gaoli],1
Guan..,1
渠氏,1
收讫,1
元才,1
2012-05-16,1
周瑞金,1
70万亿,1
[贪官像],1
1993-1998,1
程春明,1
才良,1
那光诚,1
胡是汉,1
从南坡,1
炉霍县,1
X0249//@ukn,1
徐继,1
戒严令,1
王丽娜,1
[c正经],1
高公明,1
HK.//@ukn,1
梁广大,1
luoben,1
[lxhx咻5],1
拉姆斯菲尔德,1
문제가,1
邓家及,1
八宝箱,1
陈子河,1
比幸,1
嫗,1
闫百川,1
46万亿,1
封圣,1
[95阅],1
SB+2B,1
812%,1
8125,1
杨伟光,1
TMD//@uRLODMA01,1
丹京生,1
hkej,1
一记记,1
抗心,1
官大才,1
张少帅,1
佛文,1
Sword.,1
于是隐,1
43.5亿,1
Zor,1
茂丙,1
力雄,1
[南都社论],1
6489,1
舞钢,1
五三五日,1
范本用,1
05f9f6769817caa00449,1
赵政才,1
舜其,1
b0418097d8855e0ad849,1
水旱,1
liberte,1
riots,1
曹钧武,1
安玛,1
刘哈夫,1
国纪,1
力行地,1
Haywood,1
刘靖康,1
120209,1
SHE's,1
何庆魁,1
衣先,1
v://@uDZT23A30,1
第3954,1
齐发声,1
junzi,1
建生,1
07:22:30,1
￥33.80,1
汤灿灿,1
四···,1
15.16.17.........,1
2012-12-17,1
2012-12-16,1
2012-12-10,1
愈烈,1
298亿,1
5.53万,1
杨海坤,1
镇伟,1
江渭清,1
[c囧],1
钟明森,1
2012.3.12,1
莫声谷,1
日央,1
洪玉振,1
胡朝先,1
】Xi,1
六万三,1
夏渝,1
雷叔后,1
ing@uDSHNLBJ,1
shootings,1
020228,1
几十几百亿,1
鄢烈,1
闻正兵,1
七中全,1
杨戴表,1
甘吉,1
里来龙,1
thisav.com,1
祖銮,1
范利祥,1
何志尧,1
you行,1
人刚,1
福柯得,1
黄必信,1
循化县,1
3X9,1
妖里妖气,1
保桑,1
管惟炎,1
董莹,1
马师曾,1
ing//@uPKFVBEER,1
何菊建,1
黄梦,1
走你,1
林韦,1
chueh,1
2012-5-7,1
巴比肯,1
19:54,1
炉霍,1
15818611858,1
高耀杰,1
群丑图,1
vanclstar,1
董金亭,1
薄谷通,1
晓霖,1
裸袒,1
P0LICE,1
xingyunsouluo,1
[狗咬架],1
Opinion,1
宋晓,1
BEIJING_CHWL,1
ZDJ,1
王梦初,1
5180d661f592af2270db,1
巫敏,1
佐洱,1
天璇,1
许章润,1
XIAOBO,1
高丽强,1
6876,1
韩阿照,1
Sorry//@uONP5AH32,1
吴三,1
吴一,1
董公胜,1
73425,1
王爱国,1
新皇三,1
wangtongyishi,1
张俞然,1
5：APEC,1
炫权,1
黄良源,1
公比,1
08:31:09,1
付学东,1
扬金柱,1
民奴,1
黄大能,1
95.14,1
桂仲明,1
沈娜,1
杨恒钧,1
overboard,1
十.六.,1
whn,1
zOB5Gj8,1
叛卖,1
王处一,1
稃,1
包孝肃,1
Keqiang],1
so.21cbh.com,1
莫莫莫,1
穆老,1
Ｗｏｎｇ,1
Lifton60,1
appoint,1
许邓二家,1
protesting,1
蒋彦永,1
榜仁,1
方汉明,1
83.6%,1
李晓平,1
赵楚应,1
20121115,1
正虎,1
天镇郡,1
2012-03-26,1
20KM,1
주간,1
www.xhqm.mobi,1
四五六七八九,1
连山区,1
[1985],1
234481250,1
2012-07-28,1
lpo,1
文增智,1
12033,1
狗长征,1
稚童,1
Lehtinen,1
A+WW,1
于国富,1
20l0,1
故智,1
赵达公,1
方公才,1
宋远桥,1
Jobui.com,1
团校,1
zOLBu2t,1
姚晨胜,1
吕炳奎,1
石玺玉,1
李妈,1
张国斌,1
里长域,1
谢思敏,1
石干明,1
流宁,1
孙金龙,1
数亿百,1
涂思宗,1
taxed.,1
木岩,1
毛家帮,1
马碧其,1
柴大官,1
0.75年,1
13542725091,1
一万零一百五十,1
王伟标,1
刘波·伊涅斯塔,1
四五亿,1
冷占星,1
江规,1
02986756110,1
XX//@uQHCZGOB4,1
党法,1
[高],1
原博博,1
HEYWOOD,1
CTNND,1
宪非,1
wuzhuang,1
[[[奥特曼],1
杨正超,1
女博,1
impossibility,1
13801173517,1
选委会,1
骇人,1
Scholarism,1
剖解,1
越南式,1
于今树,1
AMEN//@uVEQJTWAQ,1
[c摇摆],1
miantandi,1
连介,1
乌海市,1
she／X,1
李玉会,1
newgtld,1
让平西王,1
朱温续礼,1
李喜彪,1
爷万钢,1
2￥7,1
汪业元,1
李泽钜,1
原江,1
邓公敬,1
李琢,1
by@uKB51GHEP,1
言成真,1
讲用会,1
白匪,1
ＮＢ,1
余萌萌,1
徐光家,1
Kony2012,1
zlCwx1p,1
17450,1
李静睿,1
633%,1
CPJ,1
CPl,1
19:15:40,1
契卡,1
晏会明,1
一鸿,1
0625,1
茅威涛,1
ནག་ཆུར་བོད་མི་ལྔ་ཆུ་ལ་མཆོངས་པ་དང་གཉིས་བཟུང་འདུག,1
😲😲😢😲,1
陈建安,1
行普,1
M·,1
毛毛狗,1
Dejiang],1
关周克华,1
刘丰,1
CA981,1
2009.7.5,1
cz,1
碾子,1
139.99亿,1
liyuan,1
珍丝,1
王世子,1
姚新勇,1
¡¡¡¡¡¡¡,1
赤陆,1
[c左右看],1
forgives,1
E34,1
张二人,1
侄女婿,1
默禅,1
bingo//@u3JHQN2CJ,1
t.cn/zO0cyxF,1
马尔克思,1
赞皇,1
毛晓辉,1
13529932660QQ464592119,1
BTV2,1
外高加索,1
妣,1
费拉里,1
招普语,1
2008：,1
默歌,1
英贝克,1
installs,1
💪👊,1
Isolda,1
新苗,1
2012-6-14,1
原光,1
那连生,1
0276,1
10:18:28,1
徐建一,1
二十七亿,1
[ala衰],1
literature.,1
blamer,1
评功,1
王哲夫,1
李思怡,1
习近萍,1
Q３,1
,1
介国,1
红西政,1
团职,1
文贯,1
泽洞,1
行小,1
一亿一千,1
58823,1
舜好,1
水淹,1
杨宏芹,1
by@uWWBBQSPR,1
习光,1
计戈,1
贺承军,1
21:20:09,1
dang78,1
卡里古拉,1
薄闻,1
路西君,1
[cc撞墙],1
斯巴达得,1
8:44,1
罗亚蒙,1
by@Wind,1
虎添翼,1
因兹,1
15652610461,1
厅属,1
zW9ST6Q,1
刘水,1
周素子,1
李益民,1
林治大波,1
令狐计划,1
60万亿RMB,1
陈G诚,1
向雨清,1
032.pdf,1
官群,1
班列,1
控告人,1
retum,1
静欢,1
马哥多,1
stanoxiao@gmail.com,1
6万3千,1
金月花,1
于民之,1
洋文,1
18201557105,1
13225490968,1
×平,1
赫鹏,1
沈振新,1
16327,1
ABC.......//@uZNJRKTFM,1
孙迎春,1
13879013098,1
13778213219,1
c//@uLCMOZBZG,1
YZZK,1
441300,1
主坝,1
高行,1
邱池古,1
14:07:50,1
王长春,1
2006-09-25,1
费明微,1
dajiyuan,1
龙子里,1
甬路,1
bxl,1
辞谢,1
2OOO年,1
扫雷器,1
missile,1
徐树铮,1
08宪章,1
张仲良,1
抗涝,1
PLAYSTATION,1
贾秋霞,1
[j扭秧歌],1
伯逊,1
246：,1
via@uTZ5OC3IO,1
原诚,1
向世清,1
杨建利,1
司马之心,1
姚长盛,1
[羞嗒嗒],1
viaHappy,1
白虎娘,1
100万1,1
千斤石,1
3-5亿,1
裔胄,1
freeandopen,1
Rampant,1
004.,1
艾ww,1
纪前,1
铁佛,1
毛洪涛,1
李尚平,1
interference,1
邹智文,1
29938199,1
柀,1
🆒🚾,1
韶湖,1
18:18：1989,1
AirBook,1
闻方,1
Forstall,1
周雪琴,1
要鉴表,1
施明峰,1
囩,1
栱,1
李贤义,1
558.73亿,1
621225,1
702万.,1
8x7,1
四皓,1
藏青会,1
Benetion,1
尚昆,1
1959:,1
nba//@uR1WDISP2,1
지난,1
i_,1
7017亿,1
王鸿举,1
18618278964,1
成汉武,1
AUNT,1
暴民之,1
5：27,1
赵利军,1
METCN2007,1
zjjWYxE,1
Veni,1
🍏🍏🍏🍏🍏🍏🍏🍏🍏🍏🍏🍏🍏🍏🍏🍏🍏🍏🍏🍏🍏🍏🍏🍏🍏🍏🍏🍏,1
黎晓宏,1
苏赫巴托,1
戴聚能,1
马壁,1
wtf..what,1
尊龙,1
西昆,1
92+,1
马萨拉蒂,1
LM//@uQZ0EZC1M,1
CTMLGB//@u0VPNMYYR,1
丑从,1
818.,1
何高,1
by@uOQZLNHSB,1
葛艳玲,1
丝克强,1
苏灿,1
1949-56,1
华汪,1
肆行,1
雨成海,1
刘陈邓,1
海路远,1
tracy_rong,1
两千玖百亿,1
zOMQPMT,1
俞氏,1
Demick,1
蔡定,1
天朝朝,1
李靖平,1
窦叔,1
via@uQHCQXYD2,1
彭勃社,1
白栋材,1
uvav,1
张郎郎,1
tiananmen,1
家开远,1
石仲泉,1
刘美珣,1
达才哥,1
从程苓,1
368.6万,1
DENG,1
CC@uQZ0CUT33,1
Rosalynn,1
拦击,1
毛人,1
官选官,1
秘室,1
张晓明,1
到市政府请愿,1
k_,1
在召,1
12.4万亿,1
77615028,1
式明,1
stariver,1
欧巴刚,1
[ppb喷血],1
255d09bf072240ca9b73,1
8622843,1
zOXTohE,1
壹拾贰,1
全金发,1
春之子,1
因斯巴达,1
蠡县,1
黄逸飞,1
双九,1
郑智华,1
达哥尔摩,1
67097:,1
习在美,1
邓吉彩,1
轮训班,1
8341,1
邓聿文,1
马清槐,1
黄如,1
妻舅,1
z123,1
习粉团,1
七巨头,1
金道铭,1
1.3M,1
1983—1985,1
非公有,1
gdp...,1
刘锡荣,1
[贺电],1
李旺洋,1
webfreer,1
贺大,1
柯华,1
朱智勇,1
CCATV,1
玛东,1
14:56:22,1
叶俊,1
葛少峰,1
蒋公一,1
包拯海,1
毛左一国,1
沈佩兰,1
宣宗时,1
何前,1
jj//@uKB5UU0A4,1
PX.,1
‬,1
陈奕廷,1
令公权,1
22:49,1
露财,1
13724373568,1
shanty,1
襙,1
慎太郎,1
ＮN,1
89.6.4,1
角铁,1
焦刘扬,1
Dilegua,1
傅连璋,1
闭目养神,1
摩根史丹利,1
116.5,1
＝8000亿,1
八九六四,1
王立辉,1
薄谷王,1
周丕,1
周世,1
歌震,1
库布岱,1
Duyker,1
代网民,1
自愚,1
审查室,1
周梅森,1
Hanlong,1
9=63,1
八十四万,1
ZGZY,1
Boss2013,1
Muscatine,1
缉获,1
东登瀛,1
pic.twitter.com/uuntoIqj,1
1967.5.23,1
邓志厚,1
hesuoge@gmail.com,1
杨健人,1
吴曾和,1
蔡慎坤,1
Tuscon,1
家多宝,1
兆龙,1
陈维明,1
杨佳真,1
198-XXX,1
5500万-6000万,1
习有正,1
Ｌｅｅ,1
集进,1
鲁若晴,1
王二家,1
zhuzhouweinue,1
慧琦,1
平重生,1
101.8亿,1
薄安石,1
陈鼎龙,1
IPANG3,1
IPANG4,1
དེ་རིང་ཡང་བླ་བྲང་དགོན་པའི་སྒོ་ཆེན་མདུན་དུ་བརྙན་ལེན་ཆས་ཅིག་འཇོག་གི་འདུག་ཟེར་,1
kwgvb,1
21CN.COM：,1
朱文秀,1
jum,1
by@F,1
Ｙｅｏｎｇ,1
diplomacy,1
罗思鼎,1
凤乐极,1
131.88亿,1
二三四五,1
奥斯卡帝,1
六七八,1
杨庆义,1
亦政,1
Hopeless,1
胡孙散,1
富兰克林·本杰明,1
卡拉菲,1
一才,1
93.85亿,1
realpolitik,1
蒋公武,1
一亿一,1
[bofu扭],1
阿奎诺,1
德有恒,1
iphpne,1
刘丽君,1
红湖,1
班禅额尔德尼,1
王军真,1
妙人,1
MZD.//@uLMICLG54,1
8964...,1
2012.9.7,1
桑松,1
玛赤林,1
探雷器,1
伯放,1
[dino咬手帕],1
公知五,1
1959-1962,1
[萌萌鄙视],1
胡力夫,1
lWY,1
张玉,1
薄公熙,1
2012.11.15,1
乌恩,1
建城,1
三思之,1
王野平,1
别露表,1
273.95亿,1
08.03.2012,1
波隆贝斯库,1
10:20:28,1
儿好文,1
文彪,1
亢氏,1
FATCA,1
网络删帖,1
薛飞一,1
钱和权,1
龚心如,1
一輯網,1
秃纯,1
PENG,1
国熊,1
AM990,1
华庄人,1
政以德,1
2491,1
万花山,1
六--四,1
黎庶,1
习仲,1
黄瑞麟,1
向秋云,1
庄如顺,1
2012-2017,1
杨正午,1
💭,1
林子里,1
潘兵,1
项佐涛,1
国无信,1
传西,1
ctmd//@uHRVNSLYV,1
五二零,1
参谋部,1
夏俊,1
儿那,1
化明,1
词令,1
滞缓,1
2012-04-07,1
2012-04-05,1
172.8万,1
[佚名],1
[呼呼],1
仇廉,1
乔森潘,1
she.who,1
美央,1
n.//@u0AGM3FOZ,1
一張﹐,1
益中,1
邵燕芬,1
￥42.50,1
tzd,1
迎选战,1
⽅,1
程雪,1
张文松,1
爱薇薇,1
16:57:16,1
entrants,1
㫫,1
郝明莉,1
民韩全四,1
212.18,1
回条,1
利维坦,1
王六儿,1
AA1270,1
津巴多,1
梓桑,1
李源,1
崔福芳,1
胡锦伦,1
刘博之,1
YIWU,1
子陵,1
s6,1
CZ3229,1
2+0.5=2.5,1
江择民,1
美小仪,1
VGang,1
石景嘉园,1
焦大,1
祖产,1
黎勇,1
于松,1
萨图克,1
齐山,1
2012-05-04,1
继正声,1
500万+,1
卡扎菲萨达姆,1
毛庄镇,1
傅雨田,1
毛之,1
薛孟春,1
歌派,1
000488,1
1：67.2,1
detention,1
gun//@uLUCDYVYB,1
￥￥5,1
介熊,1
晨鸣,1
zfw.,1
Sorghum,1
丘处,1
张东逊,1
朴泰镐,1
牛叉,1
武革,1
稚儿,1
雷冠西,1
cn.nytimes.com,1
[lxhx咻6],1
王维林,1
ningbo,1
Kangda,1
那道梁,1
张金泉,1
爱表,1
敬林昭,1
温特伯格,1
胡耀,1
秋云道,1
赵前,1
Nobel,1
熊建桥,1
沙卡洛夫,1
400866000,1
颜艳,1
九五九,1
2￥7亿,1
静无声,1
[西班牙队加油],1
马力宏,1
丁锡奎,1
thugs,1
玄道长,1
王树龙,1
魏凤和,1
qiujin,1
溜光,1
路易斯维尔,1
B//@uATZY3UNG,1
阿扎瓦德,1
先松,1
乔海燕,1
望博,1
94.82%,1
一点八,1
郭飞雄,1
辛格莫默,1
disillusion,1
Chibili,1
cae66b63d1c84c695082,1
唐啥,1
Yunshan],1
Knight.,1
via@uDZTFFYUV,1
李汪胡孙,1
Matas,1
江南style,1
维色阿佳,1
神兵天,1
袁绍后,1
[连环杀手],1
0451-53965858,1
106.09,1
宋育有,1
车非,1
cpc18,1
发射台,1
给@u0VPHPTOV,1
XXX//@ukn,1
真欢,1
2012-12-04,1
铁山坪,1
larou,1
存瑞,1
Seamless,1
支新歌,1
母王静梅,1
姗铁,1
片儿警,1
二零年,1
司马南可,1
知明,1
ＴＯ@uLMINDCOW,1
[威武之师],1
难怪往死里打人,1
天义,1
何清莲,1
君汉,1
李育兴,1
Kujundzic/Reuters,1
姑息迁就,1
丽山,1
[ala蹦],1
温粉,1
前微,1
柯德,1
咏刘裕,1
陈树庆,1
8622912,1
黑中,1
第291,1
第298,1
河青,1
斯美,1
caichangongshi,1
1911.,1
yujianrong@126.com,1
红警亮,1
温兴之,1
13366226167,1
70-72,1
王震曾,1
陆·······,1
孟干,1
Ascension,1
张乐平,1
by:UP,1
碧海新,1
温·乔布斯,1
跪射,1
ＰＸ,1
dianchixiaoyisheng,1
川民,1
于众,1
张圣雨,1
患难之交,1
刘法天,1
吴英一,1
批件,1
北明,1
傅才德,1
1040NR,1
启东建,1
王勋,1
王子云,1
＞：1,1
PAMA,1
2012-10-26,1
2012-10-27,1
2012-10-22,1
多承,1
8·10,1
painful..,1
叶文玲,1
shibao,1
ＭＬＧＢ,1
党证,1
cjluyanshiliang,1
9370:,1
二零零八年,1
Hostelbookers,1
2：百,1
三五九,1
艾滋都,1
刘荣喜,1
吴乔,1
李朋,1
GUAGUA,1
95：5,1
帝师,1
Minister],1
成十几亿,1
[lxhx吐],1
一號來,1
姚维钧,1
BTV//@uI43OWQAU,1
FacebookTwitter,1
213:30-17:30,1
小崔正解,1
陈子明,1
1.87亿,1
周明德,1
白报纸,1
黑国安,1
邓承喜,1
diamend,1
吴克俭,1
tatting,1
德潮丽,1
刘琦葆,1
敬神慕道,1
犯众怒了,1
陈莲香,1
8千w,1
[moc冒出],1
李剑宏,1
zeming,1
毛争来,1
1988.04——1992.11,1
阎王殿,1
十八....,1
恩重如山,1
玉衡,1
封博,1
[moc顶],1
2144万,1
子民草,1
亮微,1
《少年强的奇幻P流》,1
tuite369,1
一說說,1
艾馨,1
13902388378,1
孙连才,1
17:42:53,1
陈振聪,1
光福,1
全国人民代表大会,1
[lxhx刷牙],1
书非,1
龙溪镇,1
哪国造,1
俞敏声,1
鸭绿江口,1
碧元年,1
光诚诚,1
贵为,1
民沈果冬,1
2012-03-15,1
杨灵,1
2012-07-12,1
良良无恒,1
丁志刚,1
那曲地区,1
1200%,1
[互相膜拜],1
冯道,1
令狐冲军,1
布劳恩,1
一庭庭,1
2亿4千万,1
censored,1
2young2simple,1
余志坚,1
辩护权,1
习祖,1
13:09:01,1
潘立新,1
埃伯哈特·伊尔纳,1
官房长官,1
陈云飞,1
WUKAN,1
高桥敏夫,1
瞕,1
帝公知,1
党小组长,1
TracyFang,1
revolution…,1
要命了,1
欧荣贵,1
Yuanchao],1
冯伟华,1
by@uRLODZYGM,1
沈一慧,1
Sars,1
234480823,1
马薄二人,1
陈良玉,1
刘以言,1
1052%,1
02986756106,1
陈相贵,1
柳毅,1
3+3+1+1+1+1,1
沙那沙,1
二宗放,1
燕云侠,1
fens,1
谷会,1
11:45:18,1
qq//@uZXY1X2J3,1
6:37,1
66-69,1
河下村,1
quanli,1
求天珠,1
欢欢儿,1
鹍,1
[CNM独家预测],1
理群,1
kony2012,1
Vaterland,1
张宏曾,1
付祖成,1
gon,1
[黑板],1
24Hr,1
白金莲,1
黄敏,1
dictatorship,1
阿齐兹,1
资源法,1
17:09:01,1
18P2P,1
帝刘雪梅,1
赵树凯,1
NO//@uZXYAVOLN,1
关岭县,1
黄继平,1
美律,1
苏博,1
老威,1
t.cn/zjaNi8B,1
震飞,1
周为民,1
胡家,1
张振,1
D//@uONPHYU4E,1
吃喝风,1
CORRUPTION,1
罗梅洛,1
林广和,1
朝银,1
力干,1
Goagent,1
央军,1
定东,1
唐建光,1
祝温,1
殍,1
2346.98,1
叶海燕,1
92.5万亿,1
高检院,1
hixisu,1
余昌海,1
马璧,1
百岁堂,1
喻世明,1
乔布斯拉登卡扎菲,1
武琼瑶,1
MLGB//@uJ2ORORBO,1
刘瑜好,1
唐会礼,1
160.2万,1
七点五十五,1
庆公,1
和之,1
沈学胜,1
刘永平,1
姜大明,1
揢,1
黄楚郎,1
长开远,1
恩里莱,1
三零二,1
清津湖,1
represented,1
王铭义,1
胡哲宗,1
hot.baidu.com,1
12.62亿,1
[lxhx咻8],1
28965,1
GUANGCHENG,1
NB993,1
等闲视之,1
诗慧,1
airwaves,1
14:36:18,1
要云山,1
n=1,1
WanG,1
何婷婷,1
王绍,1
Homage,1
^^鈽瀆^,1
32%-36%,1
subverti,1
陈元三,1
D//@uDGU0ELLX,1
蒋公介,1
206.09,1
毛粉都,1
[gst死蚊子],1
公义和,1
Mr_Sail,1
liuxinag,1
陈思乐,1
刘郎建,1
llq,1
isunaffairs.ipad@gmail.com,1
从启东,1
剑君,1
PSFK,1
慕德贵,1
李卫东,1
习平,1
七人制,1
三要三,1
core//@uOQZZO30Z,1
iiii//@u1CIXAE12,1
原创博,1
马银铃,1
普选权,1
玉帝和,1
博某,1
,1
取民,1
45°-60°,1
韩桂芝,1
时刻保持警惕,1
品梅,1
柯林顿,1
权宜之,1
王小菊,1
刘汉,1
6x,1
天必,1
若尼,1
我豪,1
凯凯凯,1
马斯卡廷,1
appetit,1
黄志强,1
ｃａｏ,1
chua_lam,1
bill1900,1
NPRC,1
00:59:33,1
张广财岭,1
姚玉玲,1
5000%,1
李小朋,1
薄太高,1
如段祺,1
537900,1
gooooood//@uSIADPZ1Y,1
148-152,1
[通知],1
刘靖,1
Protests,1
纪颖惠,1
7000—8000,1
67:1,1
主词,1
文野之,1
晓菠,1
福运来,1
1942＜1962＜1976＜1989,1
Checkbook,1
fakesheji,1
华尔达,1
THK@,1
540亿...,1
09738763678,1
19:14,1
姚依林,1
360百,1
writers.,1
1.65—1.72,1
周澄,1
库南,1
侠勇,1
[ppb叮叮当],1
ＲＩＶＥＲ,1
peplum,1
季北群,1
200：300,1
生紫,1
王京清,1
零-八-,1
金人庆,1
诱供,1
一幫靚,1
Mobile:13902222663,1
0175,1
12OO亿,1
王展昭,1
3-400,1
11:30:30,1
沈皓瑜,1
杜芝富,1
习公,1
棼,1
凯斯威克,1
施塔德尔曼,1
习比温,1
胡猜,1
傅兴国,1
via@uHJXGLM3V,1
[cai揍人],1
[lm哈哈哈],1
陈日君,1
薄之歌,1
文非,1
2012-11-23,1
2012-11-21,1
王琪鹏,1
左冷禅,1
拜文,1
苏昱,1
齐崇怀,1
1543,1
郝明珠,1
马彪,1
20120512,1
何伟之,1
李汪进,1
鬼魔,1
气功师,1
shown666,1
才履新,1
ilke,1
easb,1
俞岱岩,1
冷新,1
五德真,1
zhttp://t.cn/zlBVrqm,1
1.59-61,1
图桑,1
包庄,1
婶母,1
乌克提茨,1
133：,1
Wunan,1
马维中,1
23.7万,1
郭吉,1
ＣＣＴ,1
Xilai],1
炳章,1
G38,1
庞琨,1
广隶,1
于大清,1
NEWSWEEK,1
cra9zy,1
张燕红,1
감춘,1
KEKE//@uATZSY5N5,1
1644：,1
瞒上欺下,1
公使馆,1
1--100,1
古德诺,1
魏景蒙,1
1ef86653533eedf74ed1,1
ZTM,1
5658,1
1953.7.27,1
汤龙文稳,1
欧米伽特,1
皋兰县,1
张见红,1
绿布开,1
方少时,1
十八．,1
Z14,1
崔静,1
雷雷雷,1
儒道,1
曾任国安,1
艾群,1
刘起,1
贰千,1
塞奇,1
维吾,1
玛克思,1
何永沂,1
党爱民,1
杰·温雅德,1
[掏枪],1
加宝,1
BUSINESSWEEK,1
t.cn/zWGaJGZ,1
于澄建,1
栽秧,1
火墙,1
defends,1
玛壁,1
奥氏,1
是海,1
Monic,1
愚鲁,1
肖钢,1
维寿,1
18DA,1
三百七十八,1
曹艾平,1
留胡兰,1
1.17亿,1
若无熙,1
上数十万,1
民小美,1
和克强,1
傅景华,1
Tzou,1
exaggerated,1
falun,1
三千八,1
[xb喇叭],1
新天玉,1
郭红,1
八.九,1
赵超超,1
[严重求证],1
by@uMLLHTUTO,1
磷肥,1
蒋宋,1
刘德军,1
李文忠公,1
争祖,1
CONGRESS,1
军林,1
内库,1
枫向标,1
卫奕信,1
奸滑,1
抗抗,1
津市市,1
谈公信,1
unpopular,1
16:44:49,1
⬇,1
weiguan,1
谈民生,1
负1166,1
건강,1
张社年,1
杨利军,1
uan,1
老冉,1
荫士,1
茅厕洞,1
朱丽萍,1
三桂,1
越多,1
CKG,1
甲己,1
苗纪,1
高宗李治,1
赵宾,1
zhihama@ukn,1
798762690,1
Gao,1
7.62mm,1
肖仲华,1
20:58:31,1
B//@uOQZR3FLR,1
４００４７１,1
华玲珍,1
徐傲霜,1
权代法,1
洚,1
杜查,1
海外民运,1
管礼部,1
12:36:18,1
刘光明,1
古滕贝格,1
陈小东,1
王丽军,1
习李七人,1
朱克江,1
静时如,1
鄖,1
t.cn/zW8hggo,1
束之,1
龙灿,1
林朗,1
e2583798f4c13e782eea,1
戴福,1
Qishan],1
许方辉,1
G63,1
双起,1
方狗子都,1
一則幫,1
him.//@u1O5TA30U,1
MI.//@uRLOJYIDT,1
问得好,1
萨巴塔,1
邱国新,1
曾因言,1
敬生,1
官中,1
thunder://QUFodHRwOi8vdGh1bmRlci5mZmR5LmNjLzdDQTAwN0IwREUzMjhGMjI4RTlBREE0OERDMzBGRUY2ODcyRjlGNzQvyMvU2Vbnzb7WrsypVudCRC5ybXZiWlo=,1
[xb小花],1
普平,1
刘奇保,1
1927——1937,1
干孙,1
蝣,1
蝽,1
宜远,1
[din赞好],1
1966.7.2,1
月明风清,1
07:45:06,1
chiputaobutuputaopi,1
Zachmann,1
[忆当年],1
莫言国,1
王平建,1
波波老,1
2012-06-29,1
2012-06-28,1
2012-06-20,1
张建新,1
89时,1
2020.,1
生则生,1
张华昭,1
诺·苏格拉,1
黑小川,1
西王日久,1
It\\\,1
毛择冬,1
东夫,1
纪狗,1
三五七八万,1
一九八零,1
盐场,1
12亿2千万,1
葛亮造,1
薄特勒,1
12574,1
景海鹏,1
网络封锁,1
整建,1
tamalabalabatama,1
Pydnsproxy,1
Arizona.,1
南湘雅,1
zlO3EvK,1
08：,1
乐至,1
via@uI433X2EU,1
Dismantled,1
t.cn/zjayJrQ,1
梅妍,1
諑,1
平岳文海,1
路豪景,1
薄王才,1
张高丽升,1
七一十一,1
谷二,1
VOTE,1
狗官狗,1
成冠希,1
西莱,1
生升,1
王奇山,1
人勇,1
难胞,1
信令,1
[评],1
王江松,1
赤忱,1
원인이,1
Dengjiagui,1
雷某,1
💕,1
国瑞城,1
Wenyi,1
古鉴今,1
斯莫基罗宾逊,1
杨俊英,1
党票,1
2千亿,1
南希仁,1
章泌,1
八九零,1
gwcglobal,1
迪伦马特,1
华辰商,1
赵连海,1
钱维稳,1
普世占,1
杨佳之,1
席文举,1
管治人,1
immortals,1
启西,1
德约科维,1
公明,1
1987.09——1988.04,1
Shintoism,1
[bofu变脸],1
王平齐,1
word220,1
2012-09-14,1
JJ.//@uQSM5FSOH,1
2675398904:,1
佩怀,1
ｖｖｖｖｖｖｖｖ,1
2022：,1
来维安,1
高颖,1
[Mapping,1
榛莽,1
控诉书,1
弥壮,1
雷政奎旗,1
陈坦,1
吴仁华,1
t.cn/zWXIBxB,1
[lxhx咻7],1
jdp,1
1257444192,1
雄波海,1
言四,1
1.70-1.75,1
巴特乌勒,1
89.2,1
鏑,1
唐宗,1
黑非,1
[c娇羞],1
disturbances,1
jjyy,1
太孙,1
Temples,1
定向招生,1
FYI@uRSRDCAA2,1
米西米西,1
WeicoPlus,1
篦子,1
顾志坚,1
颟,1
YHM_1114,1
2010.11.15,1
jzm,1
杜红升,1
童国菁,1
510682198801280027,1
samsara.,1
同信,1
尧三皮,1
230103196007175511,1
www.1015666.cn,1
连凤,1
５１２,1
Authorized,1
Attactivel,1
连路,1
𠃍,1
盛世容,1
282916247,1
刘益清,1
管文宣,1
公知新,1
言代法,1
捐税,1
20121229,1
长活,1
2012-05-13,1
李保东,1
邓三科,1
立忠,1
张旺阳,1
汤代法,1
家方,1
义人,1
何来权,1
106.10,1
读书班,1
东尸骨村,1
1993-1996,1
15:56,1
张得江,1
minzhu,1
逃奔,1
一招凤翼,1
符定伟,1
黄路,1
董子天,1
马仕柏,1
皇受禅,1
李鸣生,1
杨佳雪,1
寇可,1
盖世太,1
依宪,1
徇情枉法,1
石上山,1
鹏翼双,1
琼崖,1
诸卿,1
曼恬,1
社社,1
五一三,1
ygxz,1
立公,1
而魁,1
比克丽奥佩托拉,1
luck//@uONPVMISD,1
74.5％,1
伟哉,1
李伟民,1
脔,1
宋旺阳,1
反刍动物,1
甘元春,1
7571313113,1
冲虎,1
Contributes,1
胡和习,1
吴征长,1
用亚,1
光+诚,1
山城人,1
Namhong,1
ZHAO,1
Mr.See,1
rt=0,1
赵保乐,1
温士珍,1
习非,1
胡太,1
苏哈托,1
粟裕第,1
刘公,1
老三届,1
毛长,1
9.Windows,1
C503,1
聂春荣,1
共贪党,1
薄公一,1
政派,1
头飞霜,1
2012-10-13,1
2012-10-14,1
比巴沙尔,1
儿才知,1
Capitalist,1
黄靖,1
70---80,1
🙏🙏🙏🙏🙏བཀྲ་ཤིས་བདེ་ལེགས།,1
屠龙合,1
廖攀,1
元谋猿人,1
沈大飞,1
王之勇,1
弗朗茨,1
刘祚保,1
王安镇,1
Lobbying,1
via@uQSMVRCSX,1
麦迪瑞安,1
召公,1
牛性,1
傉,1
P//@uWWBMUC0T,1
1978-88十,1
湎,1
卫国保,1
via@uB5NFUJCJ,1
韩琳,1
GKH,1
江声云,1
dc3826421a8e9b8921fa,1
杨海龙,1
GJKF,1
b1b6f782f15bf54b74a0,1
向天朝,1
尤月芬,1
肖斯塔可维奇,1
11:16:43,1
罗德里克,1
京梦,1
云松哥,1
2-3万,1
220125,1
朱明亮,1
褐煤,1
喻丹,1
[ppb扫射],1
一個評,1
齐聚港,1
小家宝,1
李书磊,1
LAO,1
前江,1
14599,1
第1千,1
＋18000,1
房峰辉,1
[章注],1
川阿佐美,1
李素英,1
杜航伟,1
TlME,1
子强,1
艾顿,1
by@uDZTFFYUV,1
孙志钢,1
法尼亚,1
1.x,1
1.D,1
sued,1
２０００万,1
15078554853,1
鵾,1
27.27亿,1
孙志,1
李礼辉,1
叶延滨,1
李汪必有,1
www.google.com/takeaction,1
via@uYC3IFW3L,1
丁振波,1
邱启明,1
栾律,1
Patriotism,1
贰柒,1
11L,1
2012-07-05,1
刘海影,1
22:37:55,1
千二百五十,1
体膨胀,1
MF8166,1
www.cctb.net,1
1939:,1
何来民,1
上永,1
许仕仁,1
剑凌,1
韩宝驹,1
Abbott,1
allat,1
朝真,1
舆论钳制,1
51.66亿,1
05:27,1
习礼,1
江声山,1
马文化,1
袁绍耳,1
秦皇商,1
刘迪,1
11.14,1
新京报社长,1
张松溪,1
citizenright1989@ukn,1
袁飚,1
泰伦,1
一千五百...,1
云山远,1
药农,1
志承,1
谢建荣,1
成千万上亿,1
范珲,1
心为民,1
广传,1
瑞环,1
21874,1
杨宜勇,1
一劇屍,1
千青,1
一個屍,1
70%:,1
weibo.com/u/1988415127,1
何奥,1
之人,1
Bbc,1
迪乐,1
小东林,1
4：APEC,1
赵乐际极,1
137万百,1
一議題,1
崔召村,1
肖生克,1
旭洲,1
王卫平,1
娄烦,1
11.53万亿,1
草民能,1
3.SZ,1
500万—600万,1
梅社,1
186-1020-2038,1
迈克尔·波斯,1
Crimes.,1
王若,1
13126994188,1
董聪,1
祝南,1
佛罗镇,1
切夫尔,1
储君时,1
孙歌,1
03677,1
林天宏,1
浮山县,1
黄济人,1
J35,1
王立雄,1
1亿4000万,1
田建明,1
郭小鸣,1
急进派,1
史无信,1
[lxhx问号],1
珠连璧,1
谷源旭,1
64点,1
指挥刀,1
050.00,1
google/sogou/soso/bing,1
正人,1
ZUBU,1
Youngest,1
查国祥,1
韩瀚,1
韩小莹,1
李宏志,1
曹三石,1
安守己,1
光伟,1
zfa//@uVT4L4NCI,1
JBW,1
国之忠,1
周廷勇,1
20120310,1
[lxhx咻2],1
刘亚伟,1
边哥,1
崔峰,1
刘伊曼,1
正本求源,1
必强,1
明君良,1
坡头区,1
challenge.http,1
韩道国,1
边防站,1
强取豪,1
雷切尔,1
陈光C,1
2009：,1
红习,1
王梅,1
Zqh,1
UNHATE,1
黄其帆,1
詹纯,1
12..,1
新五,1
37+5=,1
2008-2012.,1
十五...,1
homeland.//@uCBTBJXPW,1
求浦香,1
尹旭安,1
1996---2020,1
shengmingwangchao,1
成岳武,1
degradation,1
令家军,1
天功,1
[杰克逊],1
泉厦,1
马达钦,1
江胡习,1
江胡之,1
IPhone2,1
IPhone1,1
3千5百,1
haha//@uVGJJ1DB0,1
数万十,1
习帝,1
1：100,1
岐路,1
群僚,1
交权,1
董涛,1
张丕林,1
Know1edge,1
repubic,1
鄢荣竹升,1
艾某,1
福寿园,1
石珊珊,1
科思,1
于万人,1
格林柯尔,1
moc转发,1
G.FW,1
Boss//@uHRVFNOY2,1
All'alba,1
via@uJ2OIMBVA,1
via@uHQYO1IVS,1
TrueColor,1
t.cn/zO2gCfm,1
平少,1
disputing,1
刘莫言,1
王有明,1
zhenxiang,1
纪伟仁,1
ztexm1975,1
徐永才,1
俞慧声,1
孟李杨,1
田忠国,1
阿弗莱特,1
8X8=,1
王月峰,1
1、2、3、4、5、6、7、8、9、10、11、12、13、14、15、16、17、18、19、20、21、22、23、24、25、26、27、28、29、30、31、32、33、34、35、36、37、37、37、37、37、37、37、37、37、37、37、37、37、37、37、37、37、37、37、37、37、37、37、37、37…………,1
石澜镇,1
水郡,1
F43,1
F44,1
ju//@uP2ZTEBK2,1
韩寒代,1
曹顺利,1
0010952020419,1
毛丽莲,1
奚齐,1
dangguo,1
AV/GV,1
20:10:45,1
陈云可,1
胡静之,1
Spartar.,1
[人事变动],1
单马,1
99.3%,1
之尤,1
黑前非,1
2012-04-08,1
hhttp://t.cn/auYfSw,1
95：,1
[lb嗯],1
刘红云,1
韩寒发,1
代部长,1
唐XX,1
瘐,1
英国政,1
Laughlin,1
唐慧之,1
古有廉,1
3775万,1
梁跃忠,1
潘家柱,1
一道长,1
米家山,1
FGW,1
王小平,1
财艺,1
李潮,1
106439615,1
夏宝龙,1
马江,1
晥,1
唐行,1
全旗,1
强峰,1
李春,1
汤嘉琛,1
王在美,1
陈阿炳,1
亦有明,1
于生,1
1260.97万,1
一場別,1
2012-08-26,1
蛋一方,1
贝天牧,1
|90,000|,1
refuge,1
石屹,1
Strongest,1
start.It,1
Mark//@uR1WOGA5X,1
重人,1
阿伊莎空,1
42122,1
帒,1
余焕春,1
20120506,1
20120505,1
张政长,1
WYZZL5,1
Morillo,1
俞束机,1
徐美芳,1
周亚红,1
姜家文,1
gongminchengnuo@gmail.com,1
石台县,1
21:25:47,1
9亿3000万,1
谷景文,1
巨晓,1
by@uW0EJ4SN2,1
91％,1
translated,1
陈绍敏,1
贵朝,1
自危,1
占云发,1
陈仲甫,1
陈天毅,1
sky//@u3FTEPNOD,1
郭伯雄,1
卢布尔雅,1
2￥,1
舒律,1
包兆龙,1
liufutang,1
常公,1
鄢荣竹,1
杨遥,1
lsq,1
新皇政,1
言责,1
t.cn/zOYVYoM,1
薄望知,1
macke,1
习则,1
靳尚,1
gf//@uDGURF2U4,1
薄王治,1
无赫,1
艳平,1
戴自更,1
单仁平,1
一號撐,1
via@uPA3GAXIJ,1
列九卿,1
朱向前,1
含笑酒泉,1
三万六千九百五十六,1
均予,1
连金,1
奴民,1
copy@uZDQ00BYV,1
Mr.Zhao,1
人雷,1
许思莹,1
LXB.,1
orz//@uW0EB3ZGJ,1
让伊拉,1
xianhuayingyu,1
lED,1
10+16,1
155mm,1
2012-9-2,1
肖松,1
717:,1
庚午,1
海洛英,1
Residents,1
唐僧好文,1
众家,1
薄刚,1
东半球,1
mmz,1
WXMANG,1
🙈🙉🙊,1
若文中,1
闻过则喜,1
doubled,1
刘小元,1
朱青文,1
NB//@uWYNBFRDJ,1
常礼和,1
帝如知,1
%E9%B,1
Dr.X,1
刘茹,1
郭永志,1
钱亮,1
王博正名,1
Bo],1
2012-4-5,1
喠,1
刁吉润,1
徐章洛,1
第206,1
理中客,1
满人,1
[gst耐你],1
大雨如注,1
宋建斌,1
覃彪,1
路改,1
根建国,1
Zhengsheng],1
ང་ཅག་གི་རྒྱལ་བ་རིན་པོ་ཆེ།,1
8===3···,1
陈穆雷,1
方造,1
令公子,1
培炎,1
6524万,1
意醒,1
三.一八,1
吴微,1
副将,1
夏培度,1
莫潜,1
공식석상에서,1
多行,1
yankenneth64,1
许良英,1
t.cn/zOByNdy,1
黄向毛,1
民李淑莲,1
８９６４,1
踬,1
毛巨,1
2261,1
Z@,1
You行,1
王伟勋,1
林明洁,1
宋元驾,1
石镇,1
朱渭平,1
黄楚平,1
夫贵,1
字介石,1
Gray6500,1
山丽,1
许万平,1
dang//@ukn,1
贾晓涵,1
张文远,1
zjJdyVs,1
金多多,1
月经带,1
和海伍德,1
GMH,1
固安县,1
flatteur,1
求求贵,1
姗姗放,1
CC@uWYNM4VJ0,1
卫权,1
announcment,1
WGB,1
2012.10.10,1
恭城县,1
3.rar,1
毛放,1
梁潮,1
李新功,1
胡人常,1
政治老人,1
t.cn/zjyURfU,1
顿生,1
宁信其,1
冯川,1
姚中秋,1
scoundrel.,1
孙相国,1
一役,1
刘长军,1
Politicians,1
高莫言,1
221458,1
李群长,1
阃,1
阿紫海,1
赵庄,1
三退,1
B.I.,1
瓜蔓,1
himself...,1
家公示,1
陈长江,1
SHADOW,1
42万3千,1
从西坪,1
Immediately,1
王岐,1
l@uPA3JYT5T,1
aristocracy.,1
Hakluyt,1
1972.5.28,1
马伟明,1
Dorchester,1
PengBo,1
方召,1
邓楠非,1
胡习大,1
2978,1
刘艳峰,1
巴仁乡,1
膏血,1
为珍,1
陈日,1
i__________,1
乔建葆,1
福名福,1
溥熙来,1
12O亿,1
177359,1
通和恺,1
Kegui,1
张继刚,1
五毛世世,1
宝庆府,1
上方宝剑,1
本顺,1
骗税,1
劳双恩,1
Mycal,1
司生生,1
572471,1
+1=82,1
trimmed,1
友建,1
车震猛,1
美华,1
郑家栋,1
11:20:13,1
泽远,1
5MAO,1
减员增效,1
PS.7,1
赵翼龙,1
zhbgs@redcross.org.cn,1
[bed弹跳],1
束干花,1
2012-04-27,1
2012-04-26,1
184423920,1
刘士元,1
单正国,1
薄小草,1
之君,1
闻知,1
t.cn/zjxV3Jx,1
KB360018,1
平本朝,1
609664,1
梅金斯基,1
zz//@uDSQDNGW,1
坚壁,1
官民双,1
８.３１亿,1
袁建滔,1
黎明亮,1
李妍瑾,1
７４万,1
陈建文,1
千o,1
崔律,1
nhkdomo,1
这些年WJ开头的豪车越来越多了,1
13318865588,1
梁勇宏,1
洗迎,1
菲堡,1
邮船,1
韩德勤,1
100038,1
探空火箭,1
www.qooua.com,1
六O年,1
习老,1
特奇,1
guangcheng,1
温马光,1
[Forbidden,1
齐忠,1
政治局常务委员会,1
[ala郁闷],1
钟钢,1
114.113.29.168,1
卡迪尔汗,1
2012-05-29,1
2012-05-25,1
三乙,1
菲利宾,1
胡爱,1
授职,1
王育君,1
10.10.101,1
VIP9.91,1
贾华杰,1
建冶,1
李国生,1
2012-09-05,1
2012-09-07,1
凌辰,1
常万全,1
贾林,1
Sergei,1
＋１０,1
荺,1
雷提南,1
08:36:33,1
王阳宁,1
邱晨,1
席付,1
左小胡,1
亦武,1
台湾独立,1
王肇之,1
八两七,1
congress,1
王全章,1
t.cn/zWgCqyA,1
侯政,1
毛恒,1
李爱德,1
翁达,1
万斯,1
80亿.,1
3.11亿,1
🙏🙏🙏🙏🙏🙏🙏🙏🙏🙏,1
霍林郭勒市,1
Fushun,1
奇文中,1
X0249,1
copy@,1
克杰,1
画报社,1
要让程,1
张振荣,1
海之战,1
黄纳,1
3912万,1
洪宪,1
9033,1
德水,1
鲍迪克,1
江素,1
侯继林,1
纪登奎,1
Weizhen,1
15:31:23,1
daiwan,1
饶欣龙,1
2012-12-29,1
2012-12-27,1
2012-12-20,1
nytimes.com/article/china/2012/10/09/c09tatlow/,1
phD,1
朱舜水,1
hangzhouleyuan,1
东启,1
09738728210,1
陶驷驹,1
戈尔巴乔叶利钦,1
褫夺,1
仰融,1
Otsu,1
朴粉,1
མ་ཎི་བཏོན་ཅིང་མཆོད་མེ་སྒྲོན་ཏེ་མི་རིགས་ཤིག་གི་ཐོབ་ཐང་བརྩོན་ལེན་འདོད་པ་ནི་སྟོང་བསམ་ཡིན།,1
唐唐三,1
仇和,1
伍德因,1
content13537580448034,1
ms.tedala.gov.cn/proxy/,1
官宣,1
10:38:14,1
吴其,1
网都,1
李庄文强,1
DGP,1
卡廷,1
毛薄粉有,1
7062,1
二四四,1
胡温温,1
祝小梁,1
琦明,1
mlgbzd,1
via@zlh23,1
理常,1
项南,1
德民,1
狗庄,1
华乐庚,1
13901196823,1
随州市,1
wxsapvg,1
DIAO,1
孙旭,1
钱壮,1
pbs.twimg.com/media/A7jou_gC,1
温世仁,1
12:01:34,1
niuyue,1
道全,1
liberalisation,1
WHOwHEN,1
Impossible.//@uRLOBJPPP,1
李三才,1
菲美良,1
t.cn/z0D6ZaQ,1
草泥马,1
轺,1
权锋,1
何团经,1
收审,1
谷氏,1
wsj=washington,1
政明,1
程绍春,1
taoxiecom,1
d2cbe1dbd34bd00dda1f,1
君恩浩,1
雷鼎鸣,1
吴显坤,1
10:32:41,1
川弟,1
川强,1
2001--2100,1
柳咏,1
ning,1
慈恩东,1
李柏光,1
赵燕,1
省市长,1
[森林火灾],1
Joanna_Mohammad,1
德子路,1
三亿.,1
江临海,1
李显扬,1
习太,1
一個訴,1
治渝,1
巴萨耶夫,1
博改妮,1
Tramontate,1
Departed,1
CTNNDX,1
胡取美,1
４３６,1
张义东,1
[光棍节],1
[休博结束],1
普鲁日宁,1
古月前,1
新皇好,1
Wasserstrom,1
图片好,1
向莉,1
杜楠,1
李纪周,1
28018022,1
贺铿微,1
普京会,1
泽生,1
Beijng.,1
白发白中,1
蓝潮,1
刘秀清,1
女楠,1
雷庆瑶,1
关锋,1
史杰鹏,1
equivalent.,1
参政传奇,1
hudong_baike,1
Nmb,1
郭汝泉,1
1132.7,1
2150.63,1
64.8,1
美善常,1
Mpg,1
尼尔·海伍德,1
李金柱表,1
杨玉涵,1
杨贵,1
[gst艾瑪],1
二九三,1
二九七,1
他马碧德,1
molesting,1
104285,1
左晖,1
安金良,1
李开良,1
管得,1
独金,1
国社,1
05:34,1
zifen,1
尚方剑,1
[ppb卖萌],1
穆罕穆德,1
萧江岱,1
宾雁,1
元普工,1
孙锡,1
11.08,1
good//@uZXYRADDO,1
刘检,1
daughter.,1
粥永康,1
V5plus//@u1CRP4QIM,1
189...,1
徐峰,1
官章,1
邓非,1
010-58938787,1
信仰主义,1
习国席,1
liusi,1
愚术,1
一面面,1
丹增桑姆,1
汪齐山,1
薛维海,1
145.44万RMB,1
DM.,1
恩才,1
胡万林,1
史才,1
jieji,1
0.037%,1
Hitler//@u02LGZGCH,1
2011-03-16,1
13873052768,1
集泰,1
327539921,1
那准,1
Jorg,1
自治法,1
230322198205116343,1
梅国云,1
gameover.,1
和岩,1
9299:,1
23：42,1
惠生,1
郑天祥,1
15:56:18,1
loading...62%//@u1CIUDDZH,1
岸之,1
jB,1
刘培尔,1
Reporters,1
李伟扶,1
徐辛,1
23824.37万,1
拼争,1
S122,1
满朝,1
12-06,1
Chongquing,1
什么时候才算结束,1
徐图,1
11Kg.,1
阿罗德,1
5亿4000万,1
e331ef7a30a49cc9e367,1
任立三,1
XILAI,1
1.239,1
[c大笑],1
北韩金,1
育德,1
倒阁,1
范儿立显,1
liman,1
china…,1
宁镇路,1
商中,1
iP5,1
Shallali,1
穑,1
懑,1
遇非,1
94.2%,1
安黎庶,1
韩世忠,1
京沈环,1
absence.,1
一樣講,1
赤卫,1
zjjdZwL,1
单诉,1
曾孙女,1
elect/elected,1
umm.,1
阄,1
二宗用,1
孙叔,1
比普京,1
周士,1
军晓张,1
Abudul,1
李守维,1
t.jxcn.cn,1
by@uR1WOGA5X,1
一帮子,1
华孚,1
道孚县,1
战岳,1
彭洪,1
1.79M,1
brooms,1
宇田,1
毛狗,1
[3B大战观察],1
building.,1
狗日凯,1
[lxhx咻3],1
南肯辛顿,1
头老,1
婯,1
866亿,1
尼马他,1
王余果,1
振振有辞,1
政发,1
laureate,1
NBXX,1
sutu,1
纲子,1
GUTS,1
薄西来,1
求红霞,1
unload,1
[Bo,1
远自永,1
新唐人,1
ｘｘ,1
楼脚,1
梁林,1
W//@uTS2EXL4V,1
P//@uQSM042TT,1
2012-10-30,1
潘琳思,1
王红娜,1
京生,1
穷帮穷,1
wst,1
梅宁,1
Newsroom,1
习皇,1
69241977,1
梅拉伦湖,1
才开,1
kwg,1
吕方超,1
李鸿中,1
习姐,1
陶世龙,1
金那根,1
洪伟,1
习近干,1
蛋珠,1
吴莎至习,1
nP,1
军帐,1
邹胜龙,1
1713768926,1
全社,1
[cai无语],1
Expression,1
2千6,1
木大,1
温阁,1
hone.//@uVT4L4NCI,1
张法天,1
连政枝,1
龚婉晴,1
MTV_360,1
标标,1
黄言,1
[新],1
林在松,1
1878-1965,1
䧟,1
381万,1
刘音,1
俞昌娥,1
雷书纪,1
027-65686593,1
海洲村,1
tmdwk,1
八九学潮,1
石国宾,1
一六七十,1
6cee23d666466c6be259,1
中萱部,1
2.29千万,1
1909,1
does......,1
尚戴豪表,1
bloomberg.com,1
第78.....2009,1
Lieberthal,1
국가부주석이,1
应台,1
张文成,1
二宗,1
在宝山,1
蝥,1
层报,1
新子民,1
噢巴马千岁,1
镇南,1
09:50:48,1
终竟,1
王达武,1
DZY,1
言敏行,1
额日德雷根,1
Leesxskenta,1
2.D,1
程志,1
成泽国,1
XL.B,1
井壁,1
王明义,1
吴毛,1
震害,1
过元嵩,1
0亿,1
贾政道,1
=tree,1
grd,1
临表,1
安郡王,1
吴贤范,1
求和平,1
云马,1
松儿,1
博特斯巴赫,1
石某,1
董岩,1
民然然,1
rape.//@uKB5ZRJUD,1
3086,1
胡赵为国,1
王秀军,1
鬼道愈炽,1
547.1万,1
刘资甫,1
毛汉,1
2012-11-07,1
8.Gmail,1
110106196105294292,1
１９７３年,1
08:30:26,1
邓林之,1
1.189,1
2012.11.9,1
臧鸿飞,1
3.79万亿,1
孔东梅,1
木子夫,1
E45428,1
1／10万,1
马基雅维里,1
埃塔美帝,1
wjb,1
via@uII5SD2JQ,1
顾建平,1
徐凤文,1
DSB.....................,1
rdn_4f31eee4b3ac4,1
US//@ukn,1
Cases,1
便壶,1
紫日,1
冯惠玲,1
13.44亿,1
1600X1200,1
LiveLeak.com,1
P.65166.,1
[j撒娇],1
钱买豪,1
六二,1
evasion.,1
常氏,1
有材,1
南峰,1
从建政,1
左家塘,1
Robinowitz/Dorf,1
静致远,1
驲,1
08:58,1
Harrow,1
16:37:49,1
zjZjQCF,1
毅而劲,1
[Yu,1
沈校,1
亮丑,1
lrh,1
循化撒拉族自治县,1
赵越,1
李万机,1
onli,1
巴达真,1
jdliqing@sohu.com,1
10／10,1
liaoyiwu,1
Heirs,1
程耀萱,1
苏晓康,1
杨秀珠,1
Fooldamn,1
干国,1
黄素,1
文艺学,1
was.....,1
周小舟,1
代旗,1
余振东,1
qIang,1
120208,1
YANGTZ,1
翻译片,1
十三秒,1
173169072,1
范人,1
[偷樂],1
马驰,1
3916,1
李丽君,1
2012-02-18,1
暴易,1
immolate,1
瓦特松,1
16—21,1
weiwen,1
朗卓,1
列祖,1
tG,1
姜玉,1
么宁,1
柒亿,1
[北洋軍隊],1
prevents,1
Commission.,1
weibo.com/nytchinese,1
wangzheng,1
China.//@u5KYRTTZJ,1
我只能转发@uJWAAJPRZ,1
探雷,1
俞王李孟,1
face/It,1
=5:2,1
五河县,1
实乃,1
席近平,1
刘荻,1
二十柒,1
郭晏平,1
彭水县,1
Macallan,1
Nobel],1
xiaoxiaobai0705,1
铜钿,1
haha//@uSIAL4XGZ,1
SB.//@ukn,1
街垒战,1
Tibetan,1
怀英,1
三工,1
航天总医院,1
citytogo,1
Nononono...,1
张维云,1
粗嗓子,1
22:17,1
xky889,1
崔召镇,1
袚,1
1949.46,1
DGL,1
G+Xyc,1
银官,1
吴书生,1
陈良,1
郭莲辉,1
+torrent+rar+ed2k.rar,1
1894.6.23,1
红朝初,1
韩大元,1
韩秀群,1
Thriller.,1
3.99%,1
PS120,1
献政,1
2012-7-15,1
2+3+4+5+6+7=,1
良才,1
SHIBADA,1
政默然,1
彼武,1
歔,1
红墨赞,1
毛国,1
She.,1
风镜,1
936.74万,1
才有勇,1
警变,1
t.cn/h9Xvbr,1
静平,1
哈巴,1
军高树勋,1
亦商,1
via@u351ZQL2R,1
海有迪,1
玉堆,1
政富,1
闻微,1
彭波,1
三万五万,1
川震维,1
艾滋镇,1
心才生,1
公知斗,1
威廉·黑格,1
ZFW+ZX,1
黄南藏族自治州,1
黑王岐山,1
🌙🆙,1
民族之林,1
俞素,1
尤海涛,1
4519,1
陈方安生,1
原义,1
华五,1
[加油啊],1
三百九十九,1
一九六二,1
010-8522,1
赵太,1
由真,1
海丁,1
仆役,1
江干湖,1
news.rmvb,1
13911838645,1
Lgl,1
关仁山,1
宗本可,1
李中,1
zODmZyY,1
16.4亿,1
南洪,1
bslw/2004021969.pdf,1
imbecile,1
赵普能,1
澳大利亚联邦,1
官事,1
如汉朝,1
一孔一,1
莫言强,1
Jumping...,1
公知正,1
李玉霄,1
志愿兵,1
邱卫,1
89.64,1
回启东,1
十渡,1
[黑马],1
阮晋勇,1
马继孔,1
肖金妹,1
一飼養,1
顽愚,1
施芝,1
1vs,1
顾晓颖,1
2012.01.07-2012.12.22,1
中非人,1
神勇义,1
zOeZyX1,1
肖野,1
zimmern,1
Hongju,1
满宫满,1
分理,1
www.google.com/takeaction/,1
零----,1
梅铎,1
100万+1,1
肖莉,1
殷高路,1
钟志伟,1
NND//@uJ2OZVIWZ,1
opensecrets.org,1
富高,1
COO@uMMSGJSVS,1
谨平,1
张连刚,1
以仁,1
贾正飞,1
威永,1
2007-2012,1
习BOSS,1
仝宗锦,1
毛左天天,1
yujianrong@ukn,1
崔美惠,1
康明斯,1
131万,1
赵克石,1
Urro,1
变泽国,1
张澎,1
Tubman,1
苗文,1
ing//@uATZSY5N5,1
==Made,1
饿饭,1
量其,1
000888,1
NDYD//@u1CR2T0OF,1
持九,1
spree,1
DING//@ukn,1
比斯巴达,1
com/international/art/20121111/18063639,1
[CBS,1
三座门,1
席习,1
刑台,1
过荣格,1
600331,1
薄王真,1
高参,1
李大超,1
22:03:44,1
22：20-23:00,1
焁,1
波喜来,1
林达·约翰逊,1
百利大,1
晓跃,1
众骝,1
商微,1
呼吁书,1
15810411989,1
洪安通,1
Loading.......................................................................................................,1
毛恒凤,1
CNCLE,1
006:,1
官进美,1
管高潮,1
乔光习,1
杨蔚屏,1
亚德里亚,1
杨乃宝,1
薄黄治,1
李宗瑞,1
胡亦非,1
令谷,1
吴英极,1
2.27亿,1
叶荫聪,1
immolated,1
李放,1
邓锡侯,1
聂元梓,1
739000,1
纪伟,1
朱泽厚,1
1990-2012,1
韩瑞,1
一貫堅,1
Barbican,1
博真欢,1
杨白冰,1
缉私队,1
温中堂,1
布什刚,1
国公,1
via@uRSRCEP1R,1
Norbu,1
毛泽东真,1
民熙,1
2010-04-04,1
eee//@ukn,1
六四三,1
苏珊·福特,1
政遇闰,1
56.7亿,1
6644：,1
1967——1969,1
池泽,1
China//@uB4GIUN5O,1
奇帆,1
刘芮,1
王细灵,1
23:01:16,1
名化,1
曾建,1
Sheen.//@uLMIY2N4G,1
via@uYC33IDV0,1
Reveals,1
mabi//@u5KYRTTZJ,1
张光绍,1
一千千,1
A00042,1
8931,1
8938,1
[ppb裸走],1
储位危,1
D7124,1
言官如,1
廖默沙,1
jixian,1
ZSD,1
退庭,1
1213918,1
因平西,1
王奉友,1
割麦,1
芳芬,1
张彭春,1
王自非,1
Thorning,1
反正是越来越难,1
2008-08-17,1
张志银,1
Turnning,1
信球,1
曾伟雄,1
托纳雄耐,1
爆破组,1
王晶尧,1
立平,1
431万,1
104-109,1
桂福晋,1
官民正,1
开镰,1
PSer,1
𢖍,1
余勋伟,1
15641075548,1
[ala上火],1
豪勇,1
张波灵,1
天巨,1
闭门谢客,1
曹文宣,1
联络官,1
车殿光,1
1963-1977,1
遇明,1
肉刑,1
张传林,1
do//@uWWBV1FJL,1
2473,1
Givens,1
1001024701214737263,1
by@uPVDLINOK,1
卅七,1
广闻博,1
当阳市,1
韩晓清,1
chiputaobutuputaopi.,1
恶疮,1
[萌翻],1
录音笔事件,1
猛进,1
战期,1
自由西藏,1
年中英,1
何勤,1
[囧[orz],1
赵登用,1
Syu,1
CAMG,1
闻老,1
叶丽宁,1
和家宝,1
孙政,1
08:57:01,1
何强,1
QQ872350523,1
T328D,1
2012.12.25,1
李红光,1
－－NYT,1
乙巳,1
阳山县,1
圣莲,1
RIM2013,1
B//@u5KYQF03K,1
handled,1
180.992万RMB,1
白帝,1
12.......,1
治国先治,1
卫道,1
位勇,1
翟义祥,1
纪老,1
ichinamark@gmail.com,1
Mcqeen,1
黄麟,1
一場偉,1
罗丝,1
Modigou,1
MD12,1
马碧德,1
何耳,1
[赶火车],1
土默特右旗,1
高放,1
2B+SB,1
20614,1
t.yicai.com,1
刘文杰,1
治官,1
121亿,1
皮里,1
PS//@uQZ0CI1XP,1
付勇林,1
briefly,1
刘君鞅,1
陈兴良,1
url.cn/7PwUcj,1
1916-2012,1
孙旭培,1
邝彪,1
wlj,1
2008-11-03,1
陈胜王,1
Jamyang,1
B//@u3JLNAY3R,1
1877788,1
顾升斗,1
16.394,1
蒋公成,1
金日亮,1
邓友梅,1
任重远,1
incomes,1
正言希声,1
这人要红,1
那大清,1
[依法删贴],1
05998600953,1
[丧],1
张丽高,1
2http://t.cn/zO0P2Er,1
张耀东,1
王进,1
奥斯卡隐,1
江非,1
NKT,1
马之功,1
杰米·佩吉,1
屌丝文化,1
黄有白,1
乔门庆,1
2011-9-22,1
刑台市,1
Zongzi,1
20:01:14,1
西尔瓦纳,1
aatv,1
伍越,1
37........,1
ＥＭＢＡ,1
35600,1
淑贞,1
南云,1
徐晋,1
ion//@uKB5UGK1A,1
洪志,1
一九六七年,1
吴昌,1
卡桑德拉,1
⾮,1
杜德印,1
187258XXXXX,1
半羽,1
信石,1
chang.weibo.com,1
misson//@u5KYE4X25,1
张家鹤,1
捷尔仁斯基,1
6758493274930,1
scholar,1
穆公,1
一二...,1
持客,1
李方洪,1
桑戈林,1
白赖地,1
[din看看],1
劳燕双,1
彭家宝,1
猪席,1
yjhlt@sina.com,1
03-07,1
Cute.,1
李尔重,1
民陈艳琳,1
徐静波,1
focebook,1
李亚坤,1
戈培,1
罗永浩猛,1
王冶萍,1
红良,1
秦卫江,1
hahahaahahahahahahaahahahahahahahahahaha,1
北德纲,1
赞东,1
孔红,1
1：100000,1
党威,1
电影室,1
习民,1
谢一,1
42.3万,1
党真,1
曾建超,1
火电厂,1
晶刚,1
privy,1
格吉勒,1
土菲,1
8cbd19cdd22351113158,1
建官博,1
大四男,1
蔡淑敏,1
cosplay.,1
畏忌,1
俞那,1
Ｇ+,1
关海祥团,1
Say.,1
1264862,1
21+,1
新澜,1
宋志刚,1
王维忠,1
鲁德成,1
毛冠希,1
FLG,1
歌乐中,1
赛克,1
THRASHER,1
周兴容,1
刘少,1
华志坚,1
永载,1
四川人雄,1
张笑天,1
远人,1
By@Allison,1
爱启东,1
embassy,1
P//@uW0EGEYLE,1
王秀芹,1
絪,1
208000,1
😛,1
390597,1
罗礼贤,1
一腦殘,1
温帝,1
孙建宇,1
t.cn/zWqEYti,1
六十日,1
薛洪涛,1
Hahahahahahaha.,1
Businessweek,1
Xiaobo.,1
地方主义,1
Cavill,1
t.cn/zlOaAIe,1
10.72%,1
毛赤东,1
那瑞环,1
徐琳,1
ULrN2fCQxCfTFeQvEMX3ThgDFrOE0Lhc7E,1
朱诗宇,1
彭豪,1
许允仁,1
梁永祥,1
LWY,1
８０%,1
jch,1
0599-8600953,1
[lxhx咻4],1
隰县,1
赵本夫,1
媃,1
周京平,1
陆务,1
李秋瑞,1
陆昂,1
公明党,1
布尔布,1
赵习凤,1
艾莉森美,1
秋石客,1
励健,1
一OO一五,1
😡💣,1
瑶民,1
伊昕,1
杜政宇,1
via@LunaZHONG,1
王全璋,1
心纯,1
周学宪,1
任光有,1
人能恢,1
駇,1
【True,1
张赞波,1
2012.7.2,1
Both.,1
原大,1
儿老,1
73.5%,1
赤博,1
TMD//@uWYNE0EI4,1
V5//@uVT4GW0MM,1
15921240208,1
Nobility],1
已决犯,1
川藏,1
保红朝,1
Disp...,1
麇,1
21：4,1
21:36:45,1
义正严,1
齐某,1
比尼玛,1
王学瑶,1
莒南县,1
毛华铭,1
斯密德特,1
老干局,1
任重,1
吴淑平,1
方严,1
则昌,1
李剑英,1
左涅亚,1
顾倩,1
曲增,1
letter=j//@uQHCLUA0Q,1
deepens,1
exudes,1
狗汉克,1
gyuhyunbar,1
煤井,1
3千4百亿GDP,1
人挺,1
Luke+,1
刘霞首度,1
梁太富,1
ply,1
温韬,1
2.360,1
解东方,1
辛宇,1
家祖,1
谢升,1
马南当,1
t.cn/zOBPUgC,1
十六亿,1
照本宣,1
士贵,1
289.64,1
朱聪,1
aoe,1
10:56:57,1
有河,1
G.F.W,1
丁礼峰,1
牛图,1
石巴大,1
唐孝忠,1
罗美华,1
天朝国,1
一轉沒,1
黄岐,1
Zf//@uZD3NKTIB,1
284659716,1
zjMZEX0,1
wvr=5,1
0410-74856726,1
碧性浪,1
偶本,1
由鸿,1
[诗],1
赖昌,1
FREEGATE,1
a51dad2ff97081d5b234,1
让狗,1
王大发,1
LT0298,1
方迪,1
老女,1
李才坤,1
W27,1
宋科,1
柯林,1
DYS,1
15204656078,1
马托夫,1
李功勤,1
[cai正呀],1
强之子,1
ＺＦ,1
jouralism,1
吴莉莉,1
GLP/G,1
毛律,1
展洗,1
A29,1
孟锦云,1
ＺＹ//@uPA3TNXHH,1
PinYin,1
[新浪浪起],1
CPC=the,1
达利特,1
རྒྱའི་རི་མོ་བ་ལོའུ་ཡུས་ཀྱིས་བྲིས་པའི་ང་ཅག་གི་དམ་པ།,1
狄青子,1
斯卡廷,1
刘子,1
公担,1
武文建,1
560亿：,1
王申酉,1
贵可,1
许云峰,1
组织生活,1
洋腔,1
龙英俊,1
2012-11-13,1
2012-11-10,1
2012-11-18,1
克强德,1
马研,1
孙二妹,1
庴,1
堂达芬奇,1
奉孝,1
肖竹,1
t69,1
10.1-.10.7,1
赵子阳,1
zyk,1
心连成,1
贾春旺,1
0dc198ca729f34378570,1
述光,1
金红娟,1
艳赋,1
封公侯,1
again...and,1
遂平县,1
家加起,1
13:22:34,1
秦皇若,1
Yiwu.,1
周镇宏,1
a36722a6185ec4e14078,1
萨拉·培林,1
太皇干,1
1980-1985,1
麦克法考尔,1
capitalist,1
罗莎林,1
白塔山,1
温益胜,1
轻工业部,1
习李必,1
远平,1
87654321,1
作明,1
立旗,1
21:40:53,1
拉帕德,1
Danyu,1
保国卫,1
李克明,1
姚刚,1
MLGB//@uTZ5EC4NB,1
cTMB,1
家生,1
善根慧根,1
Cq,1
zOmbEj8,1
八百五十,1
李途纯,1
ZYK,1
范许二人,1
马格比德,1
SARS@uMMSWXFOC,1
范爷洗迎,1
[1984],1
wg0592@sina.com,1
江平阅,1
谷望宁,1
王录,1
13918289272,1
[吃貨],1
94.48万亿,1
Ingenieur,1
lobbying,1
马塔斯,1
全尼,1
袁文强,1
鸿钧,1
拜靖,1
11:39:39,1
薄哥,1
周大新,1
diaocha,1
消灭共产党,1
V5//@uVGJJ1DB0,1
Sandy...,1
工必,1
NYT...,1
范瑾,1
空谈家,1
妇委会,1
第386,1
禄松,1
申基索菲特,1
西藏自由,1
When..He,1
蒋毛,1
批租,1
or@ukn,1
胡非,1
千-万,1
求公义,1
11K,1
吴海燕,1
Congress.,1
张耀杰,1
么子银,1
众山,1
陈建芳,1
NB//@uOQZ33SVF,1
1975.01——1976.01,1
再建,1
Windfall,1
胡家茶,1
1241.74亿,1
军涛,1
格亚鲁,1
连人,1
tape.,1
谷嫂,1
莫言之,1
roadda@ukn,1
施养,1
何危,1
zjG61EF,1
张又侠,1
8000dang,1
法里德·扎卡里亚,1
5OO,1
张大人,1
defamation,1
野模,1
日希拉里,1
℅,1
zhou永康,1
叶光一,1
2000%—6500%,1
晨创,1
国济世,1
衤,1
社文,1
珊珊何表哥,1
玒,1
温语求,1
50%：48%,1
斯大壮,1
爱勋,1
因戴,1
刀光血影,1
铁流,1
一聲嘆,1
流焰,1
dap,1
V5//@uDGUXU0PT,1
why//@uDZPXF2KC,1
530.30,1
4Y4,1
万0,1
尼玛贵,1
公畜,1
孙志林,1
别秀拉,1
艾老,1
186万,1
彭雪枫,1
[地产三患],1
CTMB,1
独立党,1
地邻,1
仇思,1
马一平,1
欷,1
吾朝,1
李慎,1
九万八,1
13377858777,1
吴广才,1
肇杰,1
安村门,1
家国之,1
Photo/Ng,1
7:43,1
[躁狂症],1
马三家,1
光cheng,1
川敬介,1
休渔,1
【一小时前最新消息】HKers,1
翟海亮,1
胡允源,1
1630--1639十,1
胡温都,1
ad2c5e658c78f9b7c1c2,1
enslave,1
质信,1
杨建业,1
俞慈声,1
王欲拉,1
모습을,1
釒,1
eloge,1
www.12388.gov.cn,1
祝圣礼,1
张金柱,1
雅克萨,1
扫黄办,1
王长勇,1
伏危,1
人来,1
4.5----5.5,1
王荔蕻,1
V73,1
slowed,1
丰赡,1
书介,1
李以锁,1
constituents,1
6000千万,1
一千三百亿,1
侯马市,1
04:16:28,1
13405452777.,1
斯巴达来哈,1
via:WJS,1
content13514785555365,1
兵痞,1
com/,1
甘井子,1
彭年方,1
columnist,1
随平,1
SBZF,1
陈叶翠,1
用民,1
红朝人,1
赤林,1
jcwn,1
罗福林,1
温相政,1
刘仁胜,1
独清,1
何来教,1
13269372433,1
邓全伦,1
蔡奎,1
魏祖民,1
XXOO30,1
A392RT,1
蒋公好,1
黄帝陵,1
陶峙,1
爱西莱,1
立娟,1
64-66,1
cop...,1
一世清,1
China..,1
比尔·戈茨,1
王曼恬,1
辛政,1
Nope,1
卡尔梅克,1
梁律,1
习风,1
胡源泰,1
侔,1
晓田,1
易兰珠,1
成精草,1
湖口县,1
9+9,1
雷政奎,1
添美,1
60%.......,1
平总,1
草民真,1
文道非,1
杨继斌,1
[美食节来稿],1
21:13:47,1
11H,1
曹燕,1
惠特拉姆,1
狗至今,1
莫愚,1
王艳霞,1
冯哈根斯,1
尚红科,1
达某,1
come..,1
中元节,1
康光,1
罗昌平,1
[bed淩亂],1
9093,1
18D,1
tmd//@uB4GIHBAT,1
江三胡,1
薄公好,1
比卡扎菲,1
m//@uDSH1QIO,1
袭军,1
培雷,1
浦志高,1
保国祚,1
路言,1
windfall,1
